id,age,job,marital,education,default,balance,housing,loan,contact,day,month,duration,campaign,pdays,previous,poutcome,y
0,42,technician,married,secondary,no,7,no,no,cellular,25,aug,117,3,-1,0,unknown,0
1,38,blue-collar,married,secondary,no,514,no,no,unknown,18,jun,185,1,-1,0,unknown,0
2,36,blue-collar,married,secondary,no,602,yes,no,unknown,14,may,111,2,-1,0,unknown,0
3,27,student,single,secondary,no,34,yes,no,unknown,28,may,10,2,-1,0,unknown,0
4,26,technician,married,secondary,no,889,yes,no,cellular,3,feb,902,1,-1,0,unknown,1
5,24,admin.,single,secondary,no,1882,yes,no,cellular,20,apr,1010,3,-1,0,unknown,0
6,39,blue-collar,married,secondary,no,0,no,no,telephone,21,nov,90,1,-1,0,unknown,0
7,50,admin.,single,secondary,no,1595,no,no,telephone,31,jul,49,25,-1,0,unknown,0
8,46,blue-collar,married,primary,no,1463,no,no,cellular,4,aug,50,1,-1,0,unknown,0
9,39,management,divorced,tertiary,no,25,yes,no,cellular,8,may,119,1,-1,0,unknown,0
10,32,management,single,tertiary,no,876,yes,no,cellular,5,may,119,1,-1,0,unknown,0
11,37,management,married,tertiary,no,0,yes,no,cellular,24,jul,64,2,-1,0,unknown,0
12,46,entrepreneur,married,unknown,no,635,no,no,unknown,11,jun,71,1,-1,0,unknown,0
13,32,blue-collar,married,secondary,no,471,yes,no,unknown,12,may,157,3,-1,0,unknown,0
14,38,blue-collar,married,secondary,no,1686,yes,no,unknown,26,may,393,2,-1,0,unknown,0
15,37,technician,married,secondary,no,2564,no,no,cellular,21,aug,73,3,-1,0,unknown,0
16,57,blue-collar,married,secondary,no,3109,no,no,cellular,11,aug,122,3,-1,0,unknown,0
17,33,self-employed,married,tertiary,no,437,no,no,cellular,30,jan,101,2,-1,0,unknown,0
18,47,blue-collar,married,secondary,no,0,no,no,cellular,5,aug,71,1,-1,0,unknown,0
19,35,management,single,tertiary,no,524,no,no,cellular,12,aug,82,2,-1,0,unknown,0
20,36,technician,single,tertiary,no,3415,no,no,cellular,24,jul,867,5,-1,0,unknown,1
21,49,blue-collar,married,secondary,no,966,yes,no,cellular,14,jul,541,3,-1,0,unknown,0
22,35,blue-collar,married,secondary,no,8648,no,no,unknown,6,jun,527,1,-1,0,unknown,0
23,32,technician,married,secondary,no,707,yes,yes,cellular,18,nov,41,1,175,3,other,0
24,77,unknown,married,secondary,no,4243,no,no,cellular,12,oct,513,1,91,4,failure,0
25,35,management,single,tertiary,no,454,no,no,cellular,8,aug,111,2,-1,0,unknown,0
26,40,management,married,tertiary,no,-205,yes,yes,cellular,10,jul,122,1,-1,0,unknown,0
27,54,blue-collar,married,secondary,no,657,yes,yes,cellular,19,nov,533,2,-1,0,unknown,0
28,39,services,married,secondary,no,0,no,no,unknown,5,jun,81,1,-1,0,unknown,0
29,36,blue-collar,single,primary,no,2137,no,no,unknown,17,jun,121,1,-1,0,unknown,0
30,56,retired,married,secondary,no,587,no,no,cellular,5,feb,8,7,-1,0,unknown,0
31,40,management,married,secondary,no,16125,yes,no,telephone,17,nov,89,1,-1,0,unknown,0
32,51,management,married,tertiary,no,949,yes,yes,unknown,5,may,113,1,-1,0,unknown,0
33,57,management,married,tertiary,no,1536,no,no,cellular,2,feb,101,1,-1,0,unknown,0
34,30,technician,single,secondary,no,0,no,no,cellular,6,aug,120,4,-1,0,unknown,0
35,38,blue-collar,married,secondary,no,8558,yes,no,cellular,14,may,466,1,-1,0,unknown,0
36,67,retired,divorced,secondary,no,1531,no,no,cellular,13,jul,136,1,181,2,failure,0
37,33,services,single,secondary,no,-68,yes,no,cellular,2,feb,393,1,252,1,failure,0
38,46,admin.,married,secondary,no,-314,yes,no,cellular,18,may,66,3,-1,0,unknown,0
39,58,retired,married,secondary,no,8332,no,no,cellular,12,aug,740,4,-1,0,unknown,0
40,46,technician,divorced,secondary,no,-90,no,no,unknown,13,may,415,1,-1,0,unknown,0
41,42,technician,married,primary,no,741,yes,no,unknown,29,may,63,1,-1,0,unknown,0
42,59,admin.,married,secondary,no,2338,no,no,cellular,10,mar,472,1,90,3,success,1
43,32,blue-collar,married,secondary,yes,-258,yes,no,unknown,23,jun,151,2,-1,0,unknown,0
44,45,blue-collar,married,secondary,no,1171,yes,no,unknown,30,may,144,1,-1,0,unknown,0
45,32,blue-collar,married,primary,no,1331,yes,no,cellular,12,may,152,2,-1,0,unknown,0
46,57,housemaid,married,secondary,no,938,no,no,cellular,31,jul,439,2,-1,0,unknown,0
47,35,management,married,tertiary,no,4889,no,no,cellular,11,aug,95,3,-1,0,unknown,0
48,46,management,single,tertiary,no,914,yes,yes,unknown,27,may,7,11,-1,0,unknown,0
49,35,management,single,tertiary,no,2429,no,no,cellular,7,aug,125,7,-1,0,unknown,0
50,40,services,married,secondary,no,1749,yes,no,unknown,19,may,97,1,-1,0,unknown,0
51,36,blue-collar,married,secondary,no,4056,yes,no,unknown,19,may,604,1,-1,0,unknown,0
52,51,management,married,tertiary,no,12,no,no,cellular,21,aug,120,2,-1,0,unknown,0
53,59,housemaid,married,primary,no,1025,no,no,cellular,18,jun,89,3,-1,0,unknown,0
54,54,technician,married,secondary,no,628,no,no,cellular,18,aug,90,4,-1,0,unknown,0
55,33,self-employed,single,tertiary,no,784,yes,no,cellular,9,feb,15,6,-1,0,unknown,0
56,35,technician,married,secondary,no,0,yes,yes,cellular,9,apr,108,1,-1,0,unknown,0
57,46,admin.,married,secondary,no,1527,no,no,cellular,14,aug,391,1,-1,0,unknown,1
58,40,services,divorced,secondary,no,968,no,no,cellular,5,feb,174,1,-1,0,unknown,0
59,36,technician,married,secondary,no,1373,no,no,unknown,6,jun,78,2,-1,0,unknown,0
60,39,management,single,tertiary,no,957,no,no,cellular,8,jun,93,2,-1,0,unknown,0
61,57,technician,married,secondary,no,14170,no,no,cellular,5,aug,965,2,-1,0,unknown,0
62,43,management,divorced,tertiary,no,561,no,yes,cellular,7,aug,72,2,-1,0,unknown,0
63,29,technician,married,secondary,no,38,yes,yes,unknown,26,may,95,3,-1,0,unknown,0
64,48,management,married,tertiary,no,569,no,no,cellular,13,aug,125,2,-1,0,unknown,0
65,35,technician,single,secondary,no,4,no,no,cellular,4,feb,126,2,-1,0,unknown,0
66,32,blue-collar,married,primary,no,1390,yes,yes,cellular,18,nov,118,4,-1,0,unknown,0
67,31,blue-collar,married,secondary,no,27,yes,no,cellular,13,may,77,4,-1,0,unknown,0
68,30,services,single,secondary,no,535,no,no,cellular,20,nov,944,1,-1,0,unknown,1
69,37,management,married,tertiary,no,-569,yes,no,unknown,21,may,202,1,-1,0,unknown,0
70,49,management,married,tertiary,no,4028,no,no,cellular,28,aug,7,9,-1,0,unknown,0
71,32,technician,divorced,secondary,no,3287,no,yes,cellular,17,jun,109,3,-1,0,unknown,0
72,30,management,single,tertiary,no,0,no,no,cellular,19,aug,207,2,-1,0,unknown,0
73,49,services,married,secondary,no,-12,no,no,cellular,12,aug,92,2,-1,0,unknown,0
74,54,management,married,tertiary,no,913,yes,no,cellular,3,feb,881,3,211,2,failure,1
75,37,blue-collar,married,secondary,no,-738,yes,no,cellular,31,jul,303,3,-1,0,unknown,0
76,49,management,divorced,tertiary,no,0,no,no,cellular,29,aug,246,2,-1,0,unknown,0
77,51,technician,married,secondary,no,-206,no,no,cellular,7,aug,109,2,-1,0,unknown,0
78,28,student,single,unknown,no,10583,no,no,cellular,8,jun,119,8,-1,0,unknown,1
79,32,admin.,single,secondary,no,1228,no,no,cellular,21,nov,782,1,-1,0,unknown,1
80,35,management,married,tertiary,no,1255,no,no,cellular,26,aug,300,16,-1,0,unknown,0
81,38,blue-collar,married,unknown,no,-3,no,no,unknown,6,may,136,2,-1,0,unknown,0
82,34,technician,single,tertiary,no,1394,no,no,cellular,4,feb,758,2,-1,0,unknown,0
83,33,admin.,married,tertiary,no,681,yes,no,cellular,21,nov,105,1,-1,0,unknown,0
84,46,blue-collar,married,primary,no,1577,yes,no,cellular,17,apr,585,4,-1,0,unknown,0
85,45,blue-collar,married,secondary,no,597,yes,no,unknown,29,may,878,3,-1,0,unknown,0
86,43,management,married,tertiary,no,13044,no,no,cellular,18,aug,243,4,-1,0,unknown,0
87,54,services,married,primary,no,0,no,no,cellular,30,jul,124,2,-1,0,unknown,0
88,60,technician,married,secondary,no,116,no,no,cellular,29,jul,795,2,183,4,success,1
89,33,technician,married,tertiary,no,43,yes,no,unknown,8,may,95,1,-1,0,unknown,0
90,42,management,married,tertiary,no,764,yes,no,cellular,18,may,7,4,-1,0,unknown,0
91,37,technician,married,secondary,no,-24,yes,yes,cellular,24,jul,150,2,-1,0,unknown,0
92,50,blue-collar,married,secondary,no,-35,yes,no,unknown,7,may,121,2,-1,0,unknown,0
93,40,admin.,single,secondary,no,0,yes,no,unknown,5,may,179,1,-1,0,unknown,0
94,34,technician,married,secondary,no,787,yes,no,unknown,26,may,70,1,-1,0,unknown,0
95,32,blue-collar,married,primary,no,473,yes,no,unknown,7,may,707,3,-1,0,unknown,1
96,39,services,married,secondary,no,-388,yes,no,unknown,9,may,175,1,-1,0,unknown,0
97,27,services,single,primary,no,1659,yes,no,unknown,3,jun,220,6,-1,0,unknown,0
98,52,unemployed,married,secondary,no,5,no,no,cellular,29,jan,130,1,-1,0,unknown,0
99,51,admin.,married,secondary,no,-45,no,no,unknown,30,may,71,6,-1,0,unknown,0
100,34,management,married,tertiary,no,786,yes,no,cellular,10,jul,121,1,-1,0,unknown,0
101,32,management,married,tertiary,no,101,yes,no,unknown,23,may,8,1,-1,0,unknown,0
102,41,blue-collar,married,primary,no,-17,yes,no,unknown,26,may,198,2,-1,0,unknown,0
103,30,management,single,tertiary,no,705,no,no,cellular,7,aug,209,2,-1,0,unknown,0
104,48,management,married,tertiary,no,0,no,yes,cellular,25,jul,1486,4,-1,0,unknown,1
105,32,management,single,tertiary,no,2360,no,no,cellular,30,apr,542,1,87,1,success,1
106,32,blue-collar,married,secondary,no,-1,yes,no,unknown,9,may,260,1,-1,0,unknown,0
107,30,self-employed,married,secondary,no,4210,no,no,cellular,11,aug,136,1,91,3,success,0
108,29,blue-collar,single,secondary,no,804,no,no,cellular,5,feb,10,6,-1,0,unknown,0
109,45,technician,single,unknown,no,6,yes,no,cellular,18,nov,108,1,168,1,failure,0
110,81,retired,married,secondary,no,0,no,no,telephone,16,oct,170,1,-1,0,unknown,0
111,52,management,married,tertiary,no,518,no,no,cellular,1,jun,638,1,-1,0,unknown,1
112,39,management,married,secondary,no,1301,no,no,cellular,21,nov,988,7,-1,0,unknown,1
113,46,management,married,tertiary,no,3,no,no,unknown,5,jun,138,3,-1,0,unknown,0
114,37,admin.,single,secondary,no,99,no,no,cellular,30,jan,968,1,-1,0,unknown,1
115,52,technician,married,secondary,no,0,no,no,cellular,29,aug,91,2,-1,0,unknown,0
116,23,management,single,tertiary,no,826,no,no,cellular,31,mar,119,1,-1,0,unknown,0
117,28,blue-collar,married,secondary,no,459,no,no,cellular,14,may,875,1,-1,0,unknown,1
118,52,blue-collar,divorced,secondary,no,961,yes,no,cellular,2,feb,564,1,-1,0,unknown,0
119,42,technician,married,unknown,no,2366,no,no,cellular,19,nov,159,1,-1,0,unknown,0
120,58,retired,married,secondary,no,14,yes,no,unknown,19,may,162,4,-1,0,unknown,0
121,26,admin.,single,tertiary,no,659,no,no,cellular,3,feb,56,3,-1,0,unknown,0
122,52,technician,married,secondary,no,1761,no,yes,cellular,23,jul,61,1,-1,0,unknown,0
123,32,management,single,tertiary,no,1808,yes,no,cellular,21,nov,156,1,-1,0,unknown,0
124,57,retired,married,primary,no,736,yes,no,unknown,30,jun,71,2,-1,0,unknown,0
125,59,retired,married,secondary,no,-156,yes,yes,cellular,7,aug,82,2,-1,0,unknown,0
126,31,technician,married,secondary,no,0,no,no,cellular,5,aug,133,2,-1,0,unknown,0
127,31,blue-collar,married,secondary,no,0,yes,no,unknown,7,may,235,1,-1,0,unknown,0
128,35,student,single,unknown,no,17,no,no,cellular,22,jul,188,1,-1,0,unknown,0
129,39,management,single,tertiary,no,1277,yes,no,unknown,3,jun,984,2,-1,0,unknown,0
130,46,blue-collar,married,primary,no,-79,yes,no,unknown,14,may,397,2,-1,0,unknown,0
131,42,services,married,secondary,no,1559,yes,no,cellular,8,may,568,1,172,2,failure,0
132,31,blue-collar,married,secondary,no,37,no,no,cellular,4,aug,103,1,-1,0,unknown,0
133,59,unemployed,married,tertiary,no,3628,no,no,cellular,12,aug,128,1,-1,0,unknown,0
134,32,blue-collar,married,secondary,no,907,yes,no,unknown,9,may,111,1,-1,0,unknown,0
135,35,blue-collar,married,secondary,no,2234,yes,no,unknown,2,jun,638,5,-1,0,unknown,0
136,33,admin.,single,secondary,no,37,yes,no,unknown,19,may,163,2,-1,0,unknown,0
137,38,blue-collar,married,secondary,no,0,no,yes,cellular,20,nov,87,2,-1,0,unknown,0
138,38,blue-collar,married,secondary,no,579,yes,no,unknown,30,may,135,2,-1,0,unknown,0
139,62,management,married,secondary,no,276,no,no,cellular,6,oct,585,1,-1,0,unknown,1
140,42,admin.,single,tertiary,no,2133,yes,yes,cellular,6,may,88,2,364,1,failure,0
141,53,management,married,tertiary,no,596,no,no,cellular,5,aug,101,2,-1,0,unknown,0
142,72,management,married,secondary,no,0,no,no,cellular,20,apr,5,1,-1,0,unknown,0
143,50,blue-collar,married,primary,no,-219,yes,no,unknown,15,may,97,1,-1,0,unknown,0
144,43,blue-collar,divorced,primary,no,1401,no,yes,unknown,6,jun,682,8,-1,0,unknown,0
145,29,admin.,single,secondary,no,-62,no,yes,unknown,16,may,1201,1,-1,0,unknown,1
146,38,management,single,tertiary,no,454,no,no,cellular,7,aug,473,3,-1,0,unknown,0
147,43,admin.,married,secondary,no,587,no,no,unknown,12,jun,136,1,-1,0,unknown,0
148,37,services,married,secondary,no,4044,no,no,unknown,20,jun,71,3,-1,0,unknown,0
149,55,admin.,married,secondary,no,1425,yes,no,cellular,29,jan,73,1,-1,0,unknown,0
150,51,entrepreneur,married,primary,no,2594,yes,no,cellular,6,may,193,1,-1,0,unknown,0
151,25,blue-collar,married,secondary,no,-37,yes,no,cellular,14,may,124,4,-1,0,unknown,0
152,39,blue-collar,divorced,secondary,no,0,no,no,unknown,26,jun,110,4,-1,0,unknown,0
153,37,services,single,secondary,no,-224,no,no,unknown,17,jun,132,2,-1,0,unknown,0
154,33,services,single,secondary,no,1048,yes,no,cellular,7,may,93,2,-1,0,unknown,0
155,55,services,married,secondary,no,324,no,no,cellular,18,aug,74,4,-1,0,unknown,0
156,32,blue-collar,single,secondary,no,1450,yes,no,cellular,18,may,166,1,-1,0,unknown,0
157,34,management,married,tertiary,no,0,no,no,cellular,8,jun,278,2,-1,0,unknown,1
158,43,blue-collar,married,primary,no,4056,yes,no,unknown,5,may,147,1,-1,0,unknown,0
159,49,blue-collar,married,secondary,no,769,yes,no,cellular,5,feb,39,1,266,2,other,0
160,40,services,married,primary,no,89,yes,no,cellular,21,jul,528,10,-1,0,unknown,0
161,26,services,single,secondary,no,23,no,no,telephone,9,feb,58,2,-1,0,unknown,0
162,45,blue-collar,married,secondary,no,2071,no,yes,cellular,22,jul,127,2,-1,0,unknown,0
163,51,technician,divorced,secondary,no,-2282,yes,yes,cellular,15,jul,301,1,-1,0,unknown,0
164,30,services,single,secondary,no,0,yes,no,telephone,28,jul,65,2,-1,0,unknown,0
165,32,management,married,tertiary,no,-199,no,no,cellular,29,aug,121,5,-1,0,unknown,0
166,60,services,divorced,secondary,no,654,no,no,cellular,1,oct,352,1,122,1,failure,1
167,44,admin.,single,tertiary,no,1000,no,no,cellular,9,mar,229,1,-1,0,unknown,1
168,46,admin.,single,primary,no,442,yes,no,unknown,15,may,216,2,-1,0,unknown,0
169,28,student,single,secondary,no,8,no,no,cellular,16,sep,245,2,94,4,other,0
170,60,technician,married,tertiary,no,481,no,no,cellular,19,aug,110,2,-1,0,unknown,0
171,46,management,married,tertiary,no,658,no,no,cellular,25,aug,78,8,-1,0,unknown,0
172,43,admin.,married,secondary,no,-938,yes,no,unknown,6,may,200,1,-1,0,unknown,0
173,36,management,married,tertiary,no,657,no,no,cellular,22,aug,119,4,-1,0,unknown,0
174,48,unemployed,married,primary,no,5462,no,no,cellular,5,feb,63,1,-1,0,unknown,0
175,30,admin.,single,secondary,no,1345,yes,no,cellular,17,apr,249,1,-1,0,unknown,0
176,57,retired,married,secondary,no,2194,no,no,cellular,14,aug,88,2,-1,0,unknown,0
177,41,blue-collar,divorced,secondary,no,-94,yes,no,cellular,11,may,143,1,-1,0,unknown,0
178,40,blue-collar,married,secondary,no,920,yes,yes,unknown,14,may,220,1,-1,0,unknown,0
179,49,management,married,tertiary,no,0,yes,no,cellular,17,nov,108,1,196,2,failure,0
180,51,management,married,tertiary,no,0,no,no,cellular,26,may,128,1,-1,0,unknown,0
181,40,blue-collar,married,primary,no,3188,yes,no,cellular,19,nov,641,1,-1,0,unknown,0
182,60,blue-collar,married,primary,no,1680,no,no,telephone,8,apr,442,1,-1,0,unknown,1
183,32,services,single,secondary,no,1358,yes,no,cellular,15,may,193,1,-1,0,unknown,0
184,37,management,divorced,tertiary,no,997,yes,no,cellular,17,nov,75,1,-1,0,unknown,0
185,43,blue-collar,married,primary,no,40,yes,no,unknown,30,may,536,1,-1,0,unknown,1
186,42,management,married,secondary,no,0,no,no,cellular,18,aug,129,6,-1,0,unknown,0
187,32,technician,married,secondary,no,1063,yes,yes,unknown,16,may,703,1,-1,0,unknown,0
188,30,technician,single,secondary,no,690,no,yes,cellular,3,feb,863,2,-1,0,unknown,0
189,55,technician,divorced,secondary,no,0,yes,no,cellular,17,apr,17,5,324,3,other,0
190,32,management,single,tertiary,no,2551,no,no,cellular,14,aug,766,3,-1,0,unknown,1
191,28,services,single,secondary,no,-285,yes,yes,unknown,4,jun,123,2,-1,0,unknown,0
192,48,admin.,married,secondary,no,7303,no,no,cellular,1,mar,123,1,-1,0,unknown,0
193,41,technician,married,secondary,no,681,no,no,cellular,30,jul,151,2,-1,0,unknown,0
194,61,retired,married,primary,no,1388,no,no,cellular,11,aug,585,2,92,5,failure,0
195,26,services,single,secondary,yes,-162,yes,no,unknown,20,jun,44,3,-1,0,unknown,0
196,42,blue-collar,married,secondary,no,528,yes,yes,unknown,29,may,123,2,-1,0,unknown,0
197,32,management,married,tertiary,no,1130,yes,no,cellular,14,may,125,1,-1,0,unknown,0
198,52,management,married,tertiary,no,781,no,yes,cellular,8,jul,103,1,-1,0,unknown,0
199,32,admin.,divorced,secondary,no,-70,yes,no,unknown,28,may,121,1,-1,0,unknown,0
200,55,blue-collar,married,primary,no,2054,yes,no,unknown,17,jun,123,1,-1,0,unknown,0
201,35,blue-collar,married,secondary,no,2598,yes,no,cellular,16,apr,764,1,-1,0,unknown,0
202,35,blue-collar,married,secondary,no,1757,no,no,unknown,16,jun,93,1,-1,0,unknown,0
203,60,housemaid,divorced,secondary,no,2519,no,yes,unknown,9,jun,87,5,-1,0,unknown,0
204,42,technician,single,secondary,no,-163,yes,no,cellular,14,may,154,1,348,1,other,0
205,37,blue-collar,married,primary,no,2490,yes,no,unknown,21,may,115,2,-1,0,unknown,0
206,26,management,single,tertiary,no,3154,yes,no,unknown,3,jun,235,1,-1,0,unknown,0
207,31,management,single,tertiary,no,12956,yes,no,cellular,5,feb,1136,3,-1,0,unknown,1
208,52,technician,single,secondary,no,3234,no,no,cellular,21,nov,509,2,-1,0,unknown,0
209,41,admin.,married,secondary,no,0,no,no,cellular,30,jul,71,4,-1,0,unknown,0
210,31,management,married,tertiary,no,1331,no,no,cellular,23,sep,211,1,92,6,success,1
211,33,management,single,tertiary,no,725,no,no,cellular,28,aug,472,2,-1,0,unknown,0
212,41,admin.,single,secondary,no,206,yes,no,unknown,13,may,117,2,-1,0,unknown,0
213,28,self-employed,single,tertiary,no,994,yes,no,cellular,8,oct,271,2,97,4,success,1
214,31,blue-collar,single,secondary,no,86,yes,no,unknown,3,jun,824,1,-1,0,unknown,1
215,60,retired,married,secondary,no,561,no,no,unknown,20,jun,764,1,-1,0,unknown,1
216,33,services,divorced,secondary,no,8,yes,yes,cellular,22,jul,15,15,-1,0,unknown,0
217,27,admin.,single,secondary,no,-267,no,yes,cellular,8,jul,86,1,-1,0,unknown,0
218,47,entrepreneur,married,primary,yes,0,yes,no,cellular,8,jul,135,1,-1,0,unknown,0
219,63,retired,married,tertiary,no,0,no,no,telephone,20,apr,220,1,173,2,failure,0
220,35,technician,married,secondary,no,0,no,no,cellular,18,nov,63,1,-1,0,unknown,0
221,43,management,married,tertiary,no,647,yes,no,cellular,22,jul,73,2,-1,0,unknown,0
222,51,unemployed,married,secondary,no,565,no,no,cellular,30,apr,624,1,-1,0,unknown,1
223,31,blue-collar,married,secondary,no,1794,yes,yes,cellular,20,nov,515,2,-1,0,unknown,0
224,59,blue-collar,married,primary,no,581,no,no,unknown,3,jul,462,1,-1,0,unknown,0
225,42,technician,married,unknown,no,493,yes,no,unknown,5,may,434,1,-1,0,unknown,0
226,37,management,single,tertiary,no,659,no,no,cellular,20,aug,67,2,-1,0,unknown,0
227,36,management,married,tertiary,no,1660,yes,no,unknown,4,jun,128,2,-1,0,unknown,0
228,35,management,single,tertiary,no,2360,yes,no,cellular,15,may,755,1,-1,0,unknown,1
229,45,technician,married,secondary,no,0,yes,no,cellular,20,nov,159,2,190,6,other,0
230,24,admin.,single,secondary,no,0,no,no,cellular,10,jul,127,1,-1,0,unknown,0
231,50,admin.,married,secondary,no,1687,yes,no,unknown,19,jun,179,3,-1,0,unknown,0
232,52,technician,divorced,secondary,yes,16,no,no,cellular,19,nov,50,1,-1,0,unknown,0
233,50,blue-collar,married,secondary,no,1040,no,no,cellular,29,jul,599,2,-1,0,unknown,0
234,35,management,single,tertiary,no,2696,yes,no,cellular,2,jun,226,1,91,6,success,1
235,48,technician,divorced,tertiary,no,49,no,no,cellular,20,aug,79,2,-1,0,unknown,0
236,32,admin.,single,secondary,no,0,yes,no,cellular,3,feb,86,1,271,1,failure,0
237,37,technician,married,secondary,no,859,yes,no,unknown,2,jun,80,5,-1,0,unknown,0
238,32,self-employed,single,secondary,no,916,yes,no,unknown,7,may,729,3,-1,0,unknown,0
239,58,entrepreneur,married,tertiary,no,578,yes,yes,cellular,5,feb,156,1,-1,0,unknown,0
240,33,technician,single,secondary,no,865,yes,yes,cellular,11,aug,67,4,-1,0,unknown,0
241,60,blue-collar,married,primary,no,0,yes,no,unknown,6,may,181,2,-1,0,unknown,0
242,44,blue-collar,married,secondary,no,934,no,no,cellular,30,jul,124,3,-1,0,unknown,0
243,41,services,married,secondary,no,1161,yes,no,telephone,5,may,30,2,-1,0,unknown,0
244,54,management,married,secondary,no,11246,no,no,cellular,26,aug,140,2,-1,0,unknown,0
245,50,housemaid,married,primary,no,1098,no,no,unknown,13,may,71,2,-1,0,unknown,0
246,59,retired,married,tertiary,no,991,no,no,unknown,17,jun,595,3,-1,0,unknown,0
247,49,entrepreneur,married,secondary,no,16,yes,no,cellular,31,jul,188,2,-1,0,unknown,0
248,38,management,married,tertiary,no,732,no,no,unknown,9,jun,409,1,-1,0,unknown,0
249,47,management,married,secondary,no,692,no,yes,cellular,25,aug,85,6,-1,0,unknown,0
250,41,management,married,tertiary,no,5773,yes,no,cellular,18,nov,593,2,-1,0,unknown,0
251,30,admin.,single,secondary,no,28,no,no,cellular,2,jun,85,2,-1,0,unknown,0
252,55,blue-collar,married,primary,no,3563,no,no,unknown,18,jun,110,1,-1,0,unknown,0
253,32,technician,single,secondary,no,2682,yes,no,cellular,20,nov,226,1,-1,0,unknown,0
254,30,blue-collar,married,secondary,no,1450,no,yes,cellular,8,aug,129,7,-1,0,unknown,0
255,72,retired,married,secondary,no,1162,no,no,cellular,28,jul,199,1,-1,0,unknown,1
256,35,technician,single,secondary,yes,53,no,no,unknown,12,may,109,1,-1,0,unknown,0
257,37,management,married,tertiary,no,0,no,no,cellular,18,mar,261,2,-1,0,unknown,1
258,30,housemaid,married,tertiary,no,0,yes,yes,telephone,21,nov,65,2,-1,0,unknown,0
259,29,blue-collar,married,primary,no,1078,yes,no,cellular,18,may,9,6,374,4,other,0
260,57,blue-collar,married,primary,no,1728,no,no,cellular,17,nov,68,1,-1,0,unknown,0
261,32,admin.,single,tertiary,no,913,no,yes,cellular,21,jul,442,3,-1,0,unknown,0
262,69,management,married,tertiary,no,482,no,no,cellular,4,nov,69,2,-1,0,unknown,0
263,39,technician,divorced,secondary,no,644,no,yes,cellular,4,aug,155,1,-1,0,unknown,0
264,29,admin.,single,secondary,no,923,no,no,cellular,18,jul,124,2,-1,0,unknown,0
265,25,student,single,secondary,no,2503,no,no,cellular,11,feb,661,1,-1,0,unknown,1
266,46,blue-collar,married,primary,no,1734,yes,no,cellular,24,jul,488,1,-1,0,unknown,0
267,46,blue-collar,married,secondary,no,1496,no,no,cellular,12,aug,114,4,-1,0,unknown,0
268,27,admin.,single,secondary,no,151,no,no,cellular,16,jul,543,6,-1,0,unknown,0
269,25,self-employed,single,tertiary,no,509,no,no,cellular,6,aug,268,1,-1,0,unknown,1
270,32,technician,single,secondary,no,5818,yes,no,cellular,25,may,113,1,185,1,failure,0
271,42,self-employed,single,secondary,no,1605,no,no,unknown,18,jun,158,2,-1,0,unknown,0
272,39,management,married,tertiary,no,0,no,no,cellular,28,aug,74,10,-1,0,unknown,0
273,57,services,married,secondary,no,434,no,no,cellular,20,aug,632,4,-1,0,unknown,0
274,35,blue-collar,married,secondary,no,759,yes,no,unknown,9,may,122,1,-1,0,unknown,0
275,38,self-employed,married,secondary,no,442,yes,no,unknown,6,may,160,1,-1,0,unknown,0
276,51,blue-collar,divorced,primary,no,1416,yes,no,cellular,30,jul,61,4,-1,0,unknown,0
277,34,technician,married,secondary,no,36,yes,no,cellular,26,aug,129,4,-1,0,unknown,0
278,57,admin.,married,secondary,no,1130,no,no,cellular,18,jul,73,9,-1,0,unknown,0
279,47,blue-collar,married,secondary,no,644,no,yes,cellular,21,aug,92,12,-1,0,unknown,0
280,35,management,single,tertiary,no,517,no,no,cellular,28,aug,7,8,-1,0,unknown,0
281,35,admin.,married,secondary,no,441,yes,no,cellular,9,feb,7,3,-1,0,unknown,0
282,34,management,married,tertiary,no,0,no,no,cellular,7,aug,116,4,-1,0,unknown,0
283,55,admin.,married,unknown,no,-488,yes,no,unknown,27,may,165,2,-1,0,unknown,0
284,53,blue-collar,married,secondary,no,544,yes,yes,cellular,17,jul,531,2,-1,0,unknown,0
285,30,technician,single,secondary,no,1412,yes,no,unknown,15,may,297,1,-1,0,unknown,0
286,50,admin.,married,secondary,no,14,yes,no,cellular,7,may,127,1,366,2,failure,0
287,38,blue-collar,married,secondary,no,0,yes,yes,unknown,3,jun,111,1,-1,0,unknown,0
288,58,retired,married,tertiary,no,810,no,no,cellular,12,aug,105,2,-1,0,unknown,0
289,34,technician,divorced,secondary,no,0,no,no,cellular,4,feb,77,1,-1,0,unknown,0
290,38,technician,single,tertiary,no,2443,no,no,unknown,20,jun,1276,12,-1,0,unknown,0
291,43,technician,married,secondary,no,0,no,no,cellular,8,may,112,1,-1,0,unknown,0
292,23,technician,married,secondary,no,486,no,no,cellular,16,jun,169,1,-1,0,unknown,0
293,37,admin.,married,secondary,no,16,no,no,cellular,7,jul,80,4,-1,0,unknown,0
294,40,blue-collar,married,primary,no,-85,yes,yes,unknown,26,may,118,1,-1,0,unknown,0
295,53,technician,single,secondary,no,-477,yes,no,unknown,27,may,431,2,-1,0,unknown,0
296,43,housemaid,married,secondary,no,1286,no,no,cellular,11,nov,150,2,-1,0,unknown,0
297,30,technician,single,tertiary,no,0,no,no,cellular,25,aug,81,6,-1,0,unknown,0
298,34,management,married,tertiary,no,24,yes,no,cellular,18,nov,541,2,-1,0,unknown,0
299,32,services,single,secondary,no,1011,yes,no,cellular,18,jul,634,3,-1,0,unknown,1
300,60,retired,married,primary,no,1240,no,yes,telephone,29,jul,77,3,-1,0,unknown,0
301,26,blue-collar,married,secondary,no,-214,yes,no,unknown,27,may,128,4,-1,0,unknown,0
302,46,management,married,tertiary,no,594,yes,no,unknown,4,jun,108,2,-1,0,unknown,0
303,23,admin.,single,secondary,no,-219,yes,no,unknown,9,may,92,3,-1,0,unknown,0
304,59,retired,married,tertiary,no,3812,no,no,telephone,5,feb,138,2,-1,0,unknown,0
305,54,retired,divorced,tertiary,no,-1414,no,yes,cellular,18,aug,118,2,-1,0,unknown,0
306,46,blue-collar,married,primary,yes,-1400,yes,no,unknown,20,jun,104,4,-1,0,unknown,0
307,35,technician,married,secondary,no,902,yes,no,cellular,20,apr,125,1,-1,0,unknown,0
308,44,blue-collar,married,primary,no,1150,yes,no,cellular,12,may,119,2,-1,0,unknown,0
309,53,blue-collar,married,secondary,no,931,no,no,cellular,28,jan,799,3,-1,0,unknown,0
310,44,unemployed,married,tertiary,no,3232,no,no,telephone,29,jan,532,2,-1,0,unknown,0
311,43,blue-collar,single,secondary,no,-6,no,no,unknown,1,jul,196,2,-1,0,unknown,0
312,34,unemployed,married,unknown,no,3538,yes,no,cellular,14,may,128,2,339,3,failure,0
313,40,blue-collar,married,primary,no,614,yes,no,cellular,9,jul,166,2,-1,0,unknown,0
314,40,housemaid,single,tertiary,no,962,no,no,cellular,17,nov,564,1,-1,0,unknown,0
315,42,blue-collar,married,primary,no,664,yes,no,cellular,21,jul,136,2,-1,0,unknown,0
316,36,technician,single,unknown,no,881,yes,no,cellular,29,aug,150,10,-1,0,unknown,0
317,38,technician,married,tertiary,no,874,no,no,cellular,3,aug,1091,2,92,6,success,1
318,40,blue-collar,married,secondary,no,607,yes,no,unknown,27,may,492,7,-1,0,unknown,0
319,36,technician,single,tertiary,no,1138,no,no,cellular,25,aug,452,6,-1,0,unknown,0
320,40,management,married,secondary,no,1585,no,no,cellular,28,aug,97,6,-1,0,unknown,0
321,54,entrepreneur,married,unknown,no,554,yes,no,cellular,10,jul,114,1,-1,0,unknown,0
322,33,management,married,tertiary,no,635,no,no,cellular,13,aug,103,2,-1,0,unknown,0
323,31,blue-collar,married,secondary,no,-10,yes,no,unknown,2,jun,184,4,-1,0,unknown,0
324,35,admin.,married,secondary,no,627,yes,yes,cellular,16,apr,102,1,-1,0,unknown,0
325,36,technician,single,secondary,no,35,no,no,cellular,7,aug,76,2,-1,0,unknown,0
326,41,self-employed,divorced,secondary,no,1966,no,no,cellular,28,jan,41,1,204,2,other,0
327,36,blue-collar,single,secondary,no,0,no,no,unknown,6,jun,87,3,-1,0,unknown,0
328,31,services,married,secondary,no,477,no,no,cellular,25,jul,590,7,-1,0,unknown,0
329,31,services,married,secondary,no,2723,yes,no,unknown,20,may,81,1,-1,0,unknown,0
330,31,management,married,tertiary,no,3045,no,no,cellular,18,aug,183,4,-1,0,unknown,0
331,30,services,single,secondary,no,-114,yes,no,cellular,18,may,49,1,-1,0,unknown,0
332,57,blue-collar,married,secondary,no,4608,yes,no,cellular,16,apr,1341,1,-1,0,unknown,1
333,35,management,divorced,tertiary,no,1253,yes,no,unknown,30,may,577,1,-1,0,unknown,0
334,35,admin.,divorced,secondary,no,1,yes,no,unknown,28,may,87,4,-1,0,unknown,0
335,31,technician,single,tertiary,no,8,yes,no,cellular,7,may,81,3,-1,0,unknown,0
336,33,blue-collar,married,secondary,no,1516,yes,no,cellular,14,may,7,7,-1,0,unknown,0
337,42,entrepreneur,married,tertiary,no,0,no,no,unknown,12,jun,138,1,-1,0,unknown,0
338,29,blue-collar,single,tertiary,no,1058,yes,no,cellular,18,may,1012,2,-1,0,unknown,0
339,40,services,divorced,secondary,no,1575,no,no,cellular,18,nov,80,1,-1,0,unknown,0
340,56,services,married,secondary,no,1463,no,no,telephone,11,feb,124,2,-1,0,unknown,0
341,42,self-employed,married,tertiary,no,0,yes,no,unknown,3,jul,100,2,-1,0,unknown,0
342,47,unemployed,married,secondary,no,0,no,no,cellular,29,aug,79,2,-1,0,unknown,0
343,28,management,single,tertiary,no,12956,yes,no,cellular,2,jul,901,2,399,3,success,1
344,35,technician,single,tertiary,no,479,yes,no,cellular,4,may,67,3,-1,0,unknown,0
345,41,management,married,tertiary,no,437,no,no,cellular,13,aug,7,4,-1,0,unknown,0
346,47,blue-collar,married,primary,no,5862,no,no,telephone,31,jul,51,5,-1,0,unknown,0
347,25,services,divorced,secondary,no,914,yes,no,unknown,28,may,103,1,-1,0,unknown,0
348,38,admin.,single,secondary,no,24,yes,yes,cellular,7,may,5,2,-1,0,unknown,0
349,31,technician,married,secondary,no,1234,no,no,cellular,28,jan,81,1,-1,0,unknown,0
350,52,entrepreneur,married,secondary,no,485,no,no,telephone,2,feb,90,2,-1,0,unknown,0
351,36,services,married,secondary,no,-78,yes,no,unknown,8,may,134,1,-1,0,unknown,0
352,36,services,married,secondary,no,787,no,no,unknown,5,jun,100,3,-1,0,unknown,0
353,28,technician,single,secondary,no,-46,no,no,cellular,4,feb,236,2,-1,0,unknown,0
354,31,blue-collar,married,secondary,no,658,yes,no,unknown,21,may,864,3,-1,0,unknown,1
355,31,admin.,single,secondary,no,12,no,yes,cellular,29,aug,109,10,-1,0,unknown,0
356,26,technician,single,secondary,no,691,yes,no,unknown,12,may,204,1,-1,0,unknown,0
357,33,services,married,secondary,no,13,yes,no,unknown,30,may,174,2,-1,0,unknown,0
358,26,student,single,secondary,no,0,yes,no,cellular,6,may,320,1,-1,0,unknown,0
359,41,blue-collar,single,unknown,no,943,no,no,unknown,19,jun,473,2,-1,0,unknown,0
360,39,management,single,tertiary,no,4023,no,no,cellular,4,aug,393,1,-1,0,unknown,0
361,34,technician,married,tertiary,no,1241,no,no,cellular,2,feb,124,1,-1,0,unknown,0
362,29,management,single,tertiary,no,1449,no,no,cellular,27,may,334,1,-1,0,unknown,0
363,37,blue-collar,married,secondary,no,1731,yes,yes,unknown,19,jun,202,13,-1,0,unknown,0
364,30,management,single,tertiary,no,5,yes,no,cellular,18,jul,101,1,-1,0,unknown,0
365,37,services,divorced,secondary,no,557,yes,no,cellular,14,may,122,1,340,1,failure,0
366,47,technician,single,primary,no,736,yes,no,unknown,14,may,283,1,-1,0,unknown,0
367,45,technician,divorced,secondary,no,1388,no,no,cellular,13,aug,1060,2,-1,0,unknown,1
368,33,management,married,tertiary,no,50,no,no,cellular,11,aug,90,2,-1,0,unknown,0
369,35,technician,single,secondary,no,641,yes,no,unknown,21,may,128,1,-1,0,unknown,0
370,32,technician,married,secondary,no,2050,yes,no,cellular,19,nov,271,2,-1,0,unknown,0
371,51,management,married,tertiary,no,6138,yes,no,cellular,19,nov,514,5,-1,0,unknown,0
372,42,management,single,secondary,no,-1,yes,yes,cellular,16,jul,125,6,252,4,failure,0
373,32,technician,divorced,tertiary,no,1085,no,no,cellular,19,aug,67,6,-1,0,unknown,0
374,43,admin.,single,secondary,no,756,yes,no,cellular,2,feb,156,1,-1,0,unknown,0
375,38,technician,married,secondary,no,-274,yes,yes,cellular,23,jul,98,2,-1,0,unknown,0
376,32,admin.,married,secondary,yes,544,yes,yes,cellular,17,nov,543,3,-1,0,unknown,0
377,55,retired,single,tertiary,no,-13,no,no,cellular,8,jul,111,1,-1,0,unknown,0
378,47,services,married,secondary,no,-288,yes,no,telephone,11,jul,193,2,-1,0,unknown,0
379,40,self-employed,married,secondary,no,1405,yes,no,unknown,7,may,546,1,-1,0,unknown,0
380,30,management,single,tertiary,no,2576,no,no,cellular,14,aug,562,2,-1,0,unknown,1
381,61,management,married,tertiary,no,10861,no,no,cellular,25,may,393,1,88,1,success,1
382,28,management,single,tertiary,yes,-5,no,no,cellular,25,jul,145,2,-1,0,unknown,0
383,26,technician,married,secondary,no,-35,yes,yes,cellular,11,jul,151,1,-1,0,unknown,0
384,58,retired,single,tertiary,no,1411,no,no,cellular,26,may,515,2,-1,0,unknown,0
385,52,blue-collar,married,tertiary,no,1416,yes,no,cellular,24,jul,740,4,-1,0,unknown,0
386,36,blue-collar,married,secondary,no,516,yes,no,unknown,5,jun,226,2,-1,0,unknown,0
387,57,services,married,primary,no,842,no,no,cellular,18,nov,852,1,-1,0,unknown,1
388,50,self-employed,married,secondary,no,6012,yes,no,cellular,18,nov,77,5,154,1,other,0
389,31,admin.,single,secondary,no,764,no,no,cellular,4,sep,83,5,24,1,other,0
390,49,housemaid,married,primary,no,-204,no,yes,cellular,28,aug,92,4,-1,0,unknown,0
391,36,blue-collar,married,primary,no,4608,yes,no,cellular,8,may,9,7,-1,0,unknown,0
392,32,blue-collar,married,secondary,no,-360,yes,no,unknown,21,may,180,1,-1,0,unknown,0
393,75,retired,married,secondary,no,8304,no,no,cellular,15,mar,653,1,-1,0,unknown,1
394,53,blue-collar,married,secondary,yes,-1083,yes,yes,cellular,18,aug,119,9,-1,0,unknown,0
395,43,services,married,secondary,no,1853,yes,no,telephone,11,aug,1327,4,-1,0,unknown,1
396,30,management,single,secondary,no,3616,yes,no,cellular,14,may,391,1,-1,0,unknown,0
397,50,management,married,tertiary,no,1393,yes,no,cellular,17,jul,554,1,-1,0,unknown,0
398,30,blue-collar,single,secondary,no,431,yes,yes,cellular,19,nov,431,1,-1,0,unknown,0
399,39,services,married,secondary,no,573,yes,no,unknown,6,may,198,1,-1,0,unknown,0
400,37,entrepreneur,married,secondary,no,983,yes,no,cellular,18,jul,100,2,-1,0,unknown,0
401,30,self-employed,single,tertiary,no,431,no,no,cellular,19,nov,673,1,-1,0,unknown,0
402,38,technician,married,secondary,no,0,no,no,cellular,19,aug,122,3,-1,0,unknown,0
403,30,blue-collar,married,primary,no,545,yes,no,unknown,21,may,133,2,-1,0,unknown,0
404,51,technician,married,secondary,no,2749,yes,no,cellular,6,aug,895,4,-1,0,unknown,0
405,33,student,single,secondary,no,1598,no,no,cellular,9,jul,919,1,-1,0,unknown,1
406,44,management,single,tertiary,no,597,yes,no,unknown,8,may,154,2,-1,0,unknown,0
407,43,unemployed,married,secondary,no,2884,no,no,cellular,2,jun,153,2,-1,0,unknown,0
408,38,entrepreneur,married,primary,no,873,yes,no,unknown,23,may,446,2,-1,0,unknown,0
409,34,technician,married,secondary,no,1228,no,no,cellular,14,aug,303,2,-1,0,unknown,1
410,39,blue-collar,married,secondary,no,-209,yes,no,unknown,27,may,121,4,-1,0,unknown,0
411,33,management,single,tertiary,no,0,no,no,cellular,28,aug,87,4,-1,0,unknown,0
412,34,management,married,tertiary,no,547,no,no,cellular,22,aug,122,4,-1,0,unknown,0
413,38,admin.,married,secondary,no,1138,yes,no,unknown,2,jun,135,1,-1,0,unknown,0
414,33,services,married,secondary,no,20,yes,no,unknown,26,may,431,2,-1,0,unknown,0
415,31,entrepreneur,single,tertiary,no,659,no,no,cellular,21,nov,957,2,-1,0,unknown,0
416,43,technician,married,secondary,no,771,no,no,unknown,20,jun,6,6,-1,0,unknown,0
417,30,technician,married,secondary,no,-280,no,no,cellular,17,aug,246,2,-1,0,unknown,0
418,35,blue-collar,married,primary,no,707,yes,no,unknown,30,may,894,2,-1,0,unknown,1
419,58,retired,single,secondary,no,2525,no,no,unknown,19,jun,1420,1,-1,0,unknown,1
420,47,housemaid,married,primary,no,39,no,no,cellular,14,aug,142,2,-1,0,unknown,0
421,36,technician,married,secondary,no,4956,yes,no,unknown,20,may,73,1,-1,0,unknown,0
422,71,retired,married,tertiary,no,3812,no,no,cellular,25,sep,97,5,-1,0,unknown,0
423,54,blue-collar,divorced,primary,no,2343,yes,yes,cellular,18,jul,192,1,-1,0,unknown,0
424,31,blue-collar,married,secondary,no,5,yes,yes,cellular,18,jul,143,3,-1,0,unknown,0
425,33,technician,single,secondary,no,648,yes,no,cellular,20,aug,155,2,-1,0,unknown,0
426,52,entrepreneur,married,secondary,yes,-524,yes,no,unknown,15,may,148,5,-1,0,unknown,0
427,42,technician,married,secondary,no,633,yes,no,cellular,25,jul,82,3,-1,0,unknown,0
428,36,management,married,tertiary,no,-76,no,no,cellular,29,aug,50,2,-1,0,unknown,0
429,33,admin.,single,secondary,no,299,yes,no,cellular,18,nov,91,1,-1,0,unknown,0
430,45,unemployed,married,primary,no,3275,no,no,cellular,29,jan,769,3,-1,0,unknown,0
431,34,management,married,tertiary,no,642,no,no,cellular,11,aug,101,2,-1,0,unknown,0
432,54,management,married,tertiary,no,0,no,no,cellular,25,aug,103,4,-1,0,unknown,0
433,55,management,divorced,tertiary,no,854,no,no,unknown,23,may,527,1,-1,0,unknown,0
434,57,retired,married,secondary,no,556,no,no,unknown,19,jun,468,5,-1,0,unknown,0
435,35,entrepreneur,married,primary,no,624,yes,no,cellular,5,may,834,2,-1,0,unknown,0
436,40,technician,divorced,secondary,no,0,no,no,cellular,19,aug,70,9,-1,0,unknown,0
437,38,technician,divorced,secondary,no,2987,no,no,cellular,1,apr,86,2,-1,0,unknown,0
438,30,blue-collar,single,secondary,no,-68,yes,no,cellular,21,nov,429,1,-1,0,unknown,0
439,51,blue-collar,married,primary,no,-32,yes,no,unknown,28,may,181,1,-1,0,unknown,0
440,52,management,married,tertiary,no,7387,no,no,cellular,26,mar,123,2,-1,0,unknown,0
441,33,blue-collar,married,primary,no,827,yes,no,unknown,20,may,120,1,-1,0,unknown,0
442,35,blue-collar,married,secondary,no,419,yes,no,unknown,30,may,135,2,-1,0,unknown,0
443,36,management,married,tertiary,no,2944,no,no,cellular,30,apr,526,1,-1,0,unknown,1
444,30,admin.,married,secondary,no,556,yes,yes,cellular,18,nov,82,2,188,2,failure,0
445,31,technician,single,secondary,no,-55,no,no,cellular,29,jan,110,2,-1,0,unknown,0
446,30,services,single,secondary,no,-104,yes,no,cellular,14,may,16,7,370,2,failure,0
447,46,management,married,tertiary,no,0,yes,no,cellular,21,nov,59,1,-1,0,unknown,0
448,38,technician,married,secondary,no,0,yes,no,cellular,17,nov,83,1,150,1,failure,0
449,32,technician,married,secondary,no,196,yes,no,cellular,19,nov,98,1,-1,0,unknown,0
450,39,services,married,secondary,no,4963,yes,no,cellular,4,may,141,6,168,1,other,0
451,31,admin.,single,secondary,no,523,yes,no,cellular,19,nov,393,1,-1,0,unknown,0
452,28,blue-collar,single,secondary,no,-179,yes,no,cellular,15,may,7,5,365,2,failure,0
453,59,blue-collar,married,primary,no,1514,no,no,cellular,21,nov,96,2,-1,0,unknown,0
454,58,management,married,tertiary,no,873,no,no,telephone,3,mar,125,1,101,3,failure,0
455,39,management,married,tertiary,no,1415,yes,no,cellular,20,apr,7,3,-1,0,unknown,0
456,39,blue-collar,divorced,secondary,no,7,yes,no,unknown,29,may,125,1,-1,0,unknown,0
457,45,blue-collar,married,secondary,no,729,no,no,cellular,8,aug,68,2,-1,0,unknown,0
458,57,management,married,tertiary,no,1464,no,no,cellular,11,aug,90,2,-1,0,unknown,0
459,41,technician,married,secondary,no,-204,no,no,cellular,12,aug,71,2,-1,0,unknown,0
460,31,technician,married,secondary,no,806,no,no,cellular,21,nov,895,1,-1,0,unknown,1
461,49,housemaid,married,secondary,no,2098,no,no,cellular,7,aug,90,2,-1,0,unknown,0
462,47,unknown,married,unknown,no,15,no,no,unknown,5,jun,61,1,-1,0,unknown,0
463,30,technician,married,secondary,no,1066,yes,no,unknown,21,may,5,1,-1,0,unknown,0
464,40,blue-collar,married,secondary,no,-83,yes,no,unknown,12,may,179,6,-1,0,unknown,0
465,34,management,married,tertiary,no,1858,no,no,cellular,7,aug,268,2,-1,0,unknown,1
466,57,management,married,tertiary,no,0,no,no,cellular,6,aug,112,2,-1,0,unknown,0
467,60,management,married,tertiary,no,1734,yes,no,unknown,3,jun,122,2,-1,0,unknown,0
468,32,management,married,tertiary,no,1337,yes,yes,cellular,26,aug,111,7,-1,0,unknown,0
469,47,blue-collar,married,primary,no,1477,yes,no,unknown,14,may,536,2,-1,0,unknown,0
470,49,management,married,tertiary,no,3142,yes,no,cellular,13,apr,155,1,-1,0,unknown,0
471,38,blue-collar,married,primary,no,574,yes,no,unknown,15,may,8,5,-1,0,unknown,0
472,31,services,married,secondary,no,-224,yes,no,unknown,3,jun,142,2,-1,0,unknown,0
473,36,blue-collar,married,primary,no,719,no,no,unknown,9,jun,110,1,-1,0,unknown,0
474,58,retired,married,secondary,no,559,yes,no,unknown,9,jun,50,1,-1,0,unknown,0
475,44,blue-collar,married,secondary,no,3603,yes,no,cellular,18,nov,180,1,-1,0,unknown,0
476,35,admin.,single,secondary,no,0,no,no,cellular,7,jul,119,1,-1,0,unknown,0
477,36,services,married,primary,no,471,yes,no,unknown,20,may,215,2,-1,0,unknown,0
478,45,blue-collar,married,primary,no,902,no,yes,cellular,29,jan,123,1,-1,0,unknown,0
479,58,management,married,primary,no,605,yes,no,unknown,15,may,89,2,-1,0,unknown,0
480,32,self-employed,married,tertiary,no,6659,yes,no,unknown,13,may,1063,6,-1,0,unknown,0
481,33,management,married,tertiary,no,2620,no,no,cellular,19,aug,117,7,-1,0,unknown,0
482,58,entrepreneur,married,tertiary,no,-406,no,yes,cellular,28,jul,61,5,-1,0,unknown,0
483,28,management,single,tertiary,no,-227,yes,no,unknown,4,jun,121,2,-1,0,unknown,0
484,32,blue-collar,married,secondary,no,1295,yes,yes,cellular,4,feb,454,1,-1,0,unknown,0
485,59,retired,married,primary,no,646,no,no,unknown,9,jun,565,2,-1,0,unknown,0
486,36,blue-collar,single,secondary,no,1003,yes,no,cellular,18,may,593,3,-1,0,unknown,0
487,50,management,married,tertiary,no,2764,yes,no,unknown,2,jun,117,3,-1,0,unknown,0
488,39,management,married,tertiary,no,633,yes,yes,cellular,3,apr,951,1,133,1,failure,0
489,28,management,single,tertiary,no,1451,yes,no,cellular,18,may,22,2,355,3,other,0
490,24,management,single,secondary,no,0,yes,no,cellular,19,oct,158,1,-1,0,unknown,1
491,45,blue-collar,married,secondary,no,-312,yes,no,unknown,27,may,130,3,-1,0,unknown,0
492,39,blue-collar,married,primary,no,983,yes,no,cellular,19,nov,58,1,-1,0,unknown,0
493,45,management,married,tertiary,no,879,yes,no,cellular,6,aug,101,2,-1,0,unknown,0
494,61,retired,married,secondary,no,0,no,no,cellular,26,mar,229,1,-1,0,unknown,1
495,32,self-employed,married,tertiary,no,10072,no,no,cellular,8,apr,90,1,-1,0,unknown,0
496,33,management,married,tertiary,no,2550,yes,no,telephone,11,may,151,1,348,5,other,0
497,25,services,single,secondary,no,-839,no,no,cellular,29,jul,81,2,-1,0,unknown,0
498,42,entrepreneur,single,tertiary,yes,18,no,no,cellular,17,jul,547,11,-1,0,unknown,0
499,58,self-employed,married,primary,no,-370,yes,no,unknown,27,may,87,2,-1,0,unknown,0
500,30,blue-collar,married,primary,no,819,yes,no,unknown,3,jun,929,2,-1,0,unknown,0
501,29,management,single,secondary,no,2553,no,yes,cellular,16,jul,459,1,-1,0,unknown,0
502,28,technician,single,secondary,no,1602,no,no,cellular,22,jul,151,2,-1,0,unknown,0
503,38,services,divorced,secondary,no,0,yes,no,cellular,11,may,80,1,-1,0,unknown,0
504,46,blue-collar,married,primary,no,36,yes,no,cellular,5,aug,172,1,-1,0,unknown,0
505,31,admin.,married,secondary,yes,-1586,no,yes,cellular,10,jul,121,1,-1,0,unknown,0
506,32,housemaid,married,tertiary,no,1028,yes,yes,cellular,5,aug,518,2,-1,0,unknown,0
507,45,technician,married,secondary,no,0,no,no,cellular,25,aug,80,4,-1,0,unknown,0
508,60,blue-collar,married,primary,no,-79,no,yes,cellular,9,jul,179,2,-1,0,unknown,0
509,42,blue-collar,married,primary,no,3382,no,no,cellular,29,jul,514,3,-1,0,unknown,0
510,50,housemaid,married,secondary,no,370,no,no,cellular,28,jan,645,1,-1,0,unknown,0
511,40,technician,married,secondary,no,0,yes,no,cellular,17,nov,64,2,-1,0,unknown,0
512,47,blue-collar,married,primary,no,584,yes,no,cellular,4,may,69,5,-1,0,unknown,0
513,36,management,single,tertiary,no,1539,yes,no,unknown,23,may,91,4,-1,0,unknown,0
514,39,technician,divorced,secondary,no,2893,no,no,cellular,2,jun,563,1,83,3,success,1
515,36,management,married,tertiary,no,141,yes,no,unknown,13,may,472,2,-1,0,unknown,0
516,58,admin.,married,secondary,no,1290,no,no,unknown,12,jun,119,1,-1,0,unknown,0
517,35,admin.,single,tertiary,no,3232,no,no,cellular,17,nov,708,2,-1,0,unknown,0
518,60,retired,married,primary,no,0,no,no,cellular,20,aug,110,3,-1,0,unknown,0
519,40,admin.,married,secondary,no,771,yes,no,unknown,8,may,81,1,-1,0,unknown,0
520,36,self-employed,married,tertiary,no,1205,no,no,cellular,3,feb,976,3,-1,0,unknown,1
521,47,blue-collar,married,primary,no,512,no,no,cellular,29,aug,58,4,-1,0,unknown,0
522,39,management,married,primary,no,3056,no,no,unknown,16,jun,136,4,-1,0,unknown,0
523,36,blue-collar,married,secondary,no,26,yes,no,unknown,6,may,697,2,-1,0,unknown,0
524,32,management,married,tertiary,no,38,yes,no,cellular,13,may,87,2,-1,0,unknown,0
525,46,management,married,tertiary,no,522,no,no,cellular,20,nov,89,4,-1,0,unknown,0
526,35,admin.,married,secondary,no,629,yes,no,unknown,2,jun,369,1,-1,0,unknown,0
527,36,blue-collar,married,secondary,no,1508,no,no,cellular,17,nov,301,2,-1,0,unknown,0
528,39,blue-collar,married,primary,no,463,no,yes,cellular,21,nov,102,2,-1,0,unknown,0
529,41,admin.,single,secondary,no,518,yes,no,cellular,18,nov,90,1,-1,0,unknown,0
530,56,blue-collar,married,primary,no,0,no,no,cellular,5,aug,1200,4,-1,0,unknown,1
531,58,admin.,married,secondary,no,-15,no,no,telephone,16,jul,48,5,-1,0,unknown,0
532,55,blue-collar,married,primary,no,0,yes,no,cellular,5,may,201,1,-1,0,unknown,0
533,42,technician,single,tertiary,no,852,no,no,cellular,27,aug,102,5,-1,0,unknown,0
534,29,services,single,secondary,no,1354,yes,no,cellular,11,aug,705,1,99,10,failure,1
535,23,student,single,tertiary,no,478,no,no,cellular,28,aug,112,2,-1,0,unknown,0
536,34,blue-collar,single,secondary,no,393,yes,no,cellular,18,may,595,2,-1,0,unknown,0
537,54,management,single,tertiary,no,17455,yes,yes,unknown,6,jun,147,4,-1,0,unknown,0
538,44,technician,married,secondary,no,2929,yes,no,cellular,29,jan,72,6,247,1,failure,0
539,53,management,married,tertiary,no,0,no,no,cellular,28,aug,119,6,-1,0,unknown,0
540,50,management,married,tertiary,no,2687,yes,no,cellular,4,may,158,5,175,3,failure,0
541,26,technician,single,secondary,no,2363,yes,no,cellular,17,jul,569,2,-1,0,unknown,0
542,41,housemaid,married,secondary,no,0,no,no,cellular,20,aug,203,2,-1,0,unknown,0
543,58,management,married,primary,no,1619,no,no,unknown,6,jun,109,1,-1,0,unknown,0
544,53,admin.,married,secondary,no,1063,no,no,cellular,28,jul,119,11,-1,0,unknown,0
545,31,blue-collar,married,secondary,no,10,yes,no,unknown,12,may,391,2,-1,0,unknown,0
546,32,blue-collar,single,primary,no,811,yes,no,cellular,14,may,113,1,-1,0,unknown,0
547,37,blue-collar,single,secondary,no,1686,yes,no,unknown,6,jun,85,2,-1,0,unknown,0
548,56,retired,married,primary,no,0,no,no,cellular,22,jul,82,1,-1,0,unknown,0
549,35,services,married,secondary,no,2669,yes,no,telephone,13,may,5,5,-1,0,unknown,0
550,30,management,single,tertiary,no,5359,no,no,cellular,4,may,789,1,-1,0,unknown,1
551,33,blue-collar,married,secondary,yes,-331,yes,yes,unknown,23,may,203,5,-1,0,unknown,0
552,34,admin.,divorced,secondary,no,2068,yes,no,unknown,15,may,590,3,-1,0,unknown,0
553,47,management,married,tertiary,no,0,no,no,cellular,2,feb,88,1,-1,0,unknown,0
554,26,management,married,tertiary,no,-679,yes,yes,cellular,8,jul,110,3,-1,0,unknown,0
555,52,technician,married,secondary,no,-122,no,yes,cellular,23,jul,76,3,-1,0,unknown,0
556,58,entrepreneur,divorced,secondary,no,829,no,no,cellular,24,jul,959,5,-1,0,unknown,0
557,52,retired,divorced,unknown,no,526,no,no,unknown,6,jun,104,4,-1,0,unknown,0
558,37,blue-collar,married,secondary,no,-59,yes,no,cellular,20,apr,483,1,339,2,failure,0
559,40,blue-collar,married,secondary,no,1725,yes,no,cellular,10,feb,1576,1,-1,0,unknown,1
560,38,admin.,single,secondary,no,0,no,no,cellular,8,jul,106,1,-1,0,unknown,0
561,44,services,married,secondary,no,-110,no,yes,cellular,31,jul,85,3,-1,0,unknown,0
562,30,services,married,secondary,no,-6,yes,no,cellular,15,jul,114,4,-1,0,unknown,0
563,35,blue-collar,married,secondary,no,81,yes,no,telephone,10,jul,437,1,-1,0,unknown,0
564,31,services,married,secondary,no,-1,yes,yes,cellular,14,may,1207,3,-1,0,unknown,1
565,60,technician,married,primary,no,638,no,yes,cellular,2,feb,83,1,-1,0,unknown,0
566,32,management,single,tertiary,no,6,yes,no,cellular,18,may,18,4,-1,0,unknown,0
567,29,blue-collar,single,secondary,no,-547,yes,yes,unknown,27,may,130,1,-1,0,unknown,0
568,32,management,single,tertiary,no,3070,no,no,cellular,13,aug,462,4,-1,0,unknown,0
569,46,management,married,secondary,no,6,yes,no,unknown,12,may,160,3,-1,0,unknown,0
570,56,self-employed,married,secondary,no,2123,no,no,telephone,20,nov,25,3,-1,0,unknown,0
571,38,management,single,tertiary,no,6,yes,no,cellular,8,jul,119,1,-1,0,unknown,0
572,43,management,married,tertiary,no,1150,yes,no,cellular,11,may,391,1,-1,0,unknown,0
573,36,management,married,tertiary,no,-718,yes,no,unknown,19,may,21,11,-1,0,unknown,0
574,35,management,married,tertiary,no,473,no,no,cellular,11,aug,67,5,-1,0,unknown,0
575,32,management,single,tertiary,no,930,yes,no,cellular,29,aug,85,5,-1,0,unknown,0
576,34,technician,single,secondary,no,5059,yes,no,cellular,7,aug,115,2,-1,0,unknown,0
577,43,blue-collar,married,secondary,no,-204,yes,no,unknown,27,may,152,4,-1,0,unknown,0
578,43,admin.,divorced,secondary,no,2422,yes,no,unknown,15,may,166,2,-1,0,unknown,0
579,31,admin.,single,secondary,no,2002,yes,no,unknown,30,may,442,2,-1,0,unknown,0
580,53,management,married,tertiary,no,2625,yes,no,cellular,29,jan,57,1,259,2,failure,0
581,32,blue-collar,married,secondary,no,569,yes,yes,unknown,21,may,487,1,-1,0,unknown,0
582,52,management,married,primary,no,495,no,no,unknown,5,jun,135,1,-1,0,unknown,0
583,34,admin.,married,secondary,no,5,no,no,cellular,21,aug,253,1,-1,0,unknown,1
584,37,technician,single,secondary,no,2,yes,no,cellular,18,may,23,2,-1,0,unknown,0
585,33,services,married,secondary,no,810,yes,no,cellular,18,nov,837,1,-1,0,unknown,0
586,30,admin.,married,secondary,no,586,yes,no,cellular,9,feb,544,3,-1,0,unknown,0
587,40,housemaid,single,secondary,no,1631,yes,no,unknown,12,jun,39,1,-1,0,unknown,0
588,32,technician,married,secondary,no,0,no,no,cellular,19,aug,106,3,-1,0,unknown,0
589,35,blue-collar,married,secondary,no,486,yes,no,cellular,8,may,101,1,350,1,failure,0
590,31,technician,married,secondary,yes,6,yes,no,unknown,19,may,193,2,-1,0,unknown,0
591,45,unemployed,married,secondary,no,1068,no,no,cellular,30,jan,474,1,-1,0,unknown,0
592,60,retired,married,secondary,no,1328,yes,no,cellular,18,aug,73,5,-1,0,unknown,0
593,31,blue-collar,married,primary,no,469,yes,no,unknown,23,may,230,1,-1,0,unknown,0
594,49,technician,married,secondary,no,1483,no,no,cellular,27,aug,8,10,-1,0,unknown,0
595,51,technician,married,secondary,no,-68,yes,no,cellular,3,feb,155,1,-1,0,unknown,0
596,59,self-employed,married,tertiary,no,476,no,no,telephone,21,nov,733,1,-1,0,unknown,0
597,39,management,married,tertiary,no,1406,yes,no,cellular,31,jul,9,2,-1,0,unknown,0
598,59,services,married,secondary,no,741,no,no,unknown,6,jun,836,7,-1,0,unknown,0
599,36,services,single,secondary,no,590,yes,no,cellular,19,nov,142,1,189,2,failure,0
600,56,technician,married,secondary,no,2223,no,no,cellular,25,nov,155,1,97,3,success,1
601,27,technician,single,secondary,no,1227,yes,no,cellular,15,may,128,2,-1,0,unknown,0
602,42,management,married,tertiary,no,385,no,no,cellular,16,jun,1363,3,95,3,failure,1
603,39,management,married,tertiary,no,0,yes,no,cellular,11,may,63,1,-1,0,unknown,0
604,34,housemaid,married,secondary,no,997,no,no,cellular,7,aug,121,2,-1,0,unknown,0
605,49,management,married,tertiary,no,49,yes,no,cellular,17,nov,77,1,-1,0,unknown,0
606,48,blue-collar,married,primary,no,708,yes,no,unknown,14,may,471,2,-1,0,unknown,0
607,56,blue-collar,married,secondary,no,2467,yes,no,telephone,23,jul,515,2,-1,0,unknown,0
608,64,retired,married,primary,no,10583,no,no,cellular,15,mar,75,4,-1,0,unknown,0
609,54,management,married,tertiary,no,6,no,no,unknown,6,may,200,1,-1,0,unknown,0
610,34,blue-collar,married,primary,no,541,yes,yes,cellular,15,may,466,4,-1,0,unknown,0
611,50,entrepreneur,married,secondary,no,738,yes,yes,cellular,20,apr,197,6,-1,0,unknown,0
612,47,technician,married,secondary,no,959,yes,no,unknown,14,may,434,2,-1,0,unknown,0
613,32,blue-collar,married,secondary,no,536,yes,no,cellular,19,nov,469,1,180,1,failure,0
614,58,management,married,tertiary,no,4656,yes,no,cellular,31,jul,74,6,-1,0,unknown,0
615,31,blue-collar,married,secondary,no,1315,yes,no,cellular,18,nov,104,1,-1,0,unknown,0
616,32,admin.,married,secondary,no,449,yes,yes,unknown,28,may,164,2,-1,0,unknown,0
617,52,housemaid,married,secondary,no,517,no,no,unknown,21,jun,53,6,-1,0,unknown,0
618,46,management,married,tertiary,no,744,no,no,cellular,6,aug,98,2,-1,0,unknown,0
619,60,retired,married,tertiary,no,1731,no,no,cellular,7,aug,106,3,-1,0,unknown,0
620,56,admin.,divorced,secondary,no,2152,no,no,cellular,18,nov,98,1,-1,0,unknown,0
621,60,housemaid,married,primary,no,0,no,no,telephone,9,jul,185,1,-1,0,unknown,0
622,35,management,married,tertiary,no,0,yes,no,unknown,2,jun,393,3,-1,0,unknown,0
623,47,unknown,married,primary,no,1685,no,no,telephone,18,may,141,2,364,10,failure,0
624,24,student,single,secondary,no,2530,yes,no,cellular,15,may,543,3,-1,0,unknown,0
625,32,management,married,tertiary,no,5878,no,no,cellular,3,nov,74,1,83,2,success,0
626,27,admin.,single,secondary,no,1996,yes,no,unknown,9,jun,492,3,-1,0,unknown,0
627,31,services,single,secondary,no,0,yes,no,unknown,27,may,109,1,-1,0,unknown,0
628,32,services,single,secondary,no,-2,no,no,cellular,18,jul,434,1,-1,0,unknown,0
629,36,management,married,tertiary,no,940,no,no,unknown,16,jun,546,1,-1,0,unknown,0
630,42,admin.,divorced,secondary,no,-247,yes,no,cellular,28,jan,219,1,-1,0,unknown,0
631,44,technician,married,secondary,no,1838,yes,no,cellular,12,aug,89,2,-1,0,unknown,0
632,32,management,married,tertiary,no,1633,yes,yes,unknown,19,may,97,1,-1,0,unknown,0
633,54,technician,married,secondary,no,865,no,no,cellular,4,aug,81,1,-1,0,unknown,0
634,39,management,married,tertiary,no,30,no,no,cellular,14,aug,599,2,-1,0,unknown,0
635,47,technician,married,tertiary,no,-867,no,yes,cellular,22,jul,149,1,-1,0,unknown,0
636,45,entrepreneur,married,tertiary,no,24,no,yes,cellular,8,jul,629,2,-1,0,unknown,1
637,44,management,married,primary,no,1406,yes,yes,unknown,28,may,134,2,-1,0,unknown,0
638,35,technician,single,secondary,yes,-547,yes,no,unknown,2,jun,8,1,-1,0,unknown,0
639,28,services,married,secondary,no,-4,yes,no,cellular,7,may,85,4,-1,0,unknown,0
640,43,blue-collar,married,primary,no,1025,yes,no,cellular,6,aug,195,2,-1,0,unknown,0
641,34,blue-collar,single,secondary,no,0,yes,no,unknown,8,may,181,1,-1,0,unknown,0
642,52,management,married,tertiary,no,7,yes,no,cellular,11,may,82,1,367,3,failure,0
643,60,retired,married,tertiary,no,1579,no,no,cellular,7,aug,113,4,-1,0,unknown,0
644,39,management,married,tertiary,no,0,no,no,cellular,26,aug,105,11,-1,0,unknown,0
645,60,retired,married,secondary,no,1531,yes,no,unknown,14,may,140,1,-1,0,unknown,0
646,59,admin.,divorced,unknown,no,0,no,no,cellular,28,jan,119,1,-1,0,unknown,0
647,33,services,married,tertiary,no,634,no,no,cellular,20,nov,187,1,-1,0,unknown,0
648,36,management,divorced,tertiary,no,-547,yes,no,cellular,30,apr,225,1,-1,0,unknown,0
649,34,technician,single,secondary,no,589,no,no,cellular,12,aug,517,3,-1,0,unknown,0
650,30,technician,single,secondary,no,8,no,no,cellular,8,aug,89,2,-1,0,unknown,0
651,39,technician,married,secondary,no,0,no,no,unknown,6,jun,113,3,-1,0,unknown,0
652,58,admin.,divorced,secondary,no,3271,yes,no,telephone,19,mar,271,2,-1,0,unknown,1
653,41,technician,divorced,secondary,no,938,no,no,cellular,8,aug,787,2,-1,0,unknown,0
654,30,admin.,married,secondary,no,-1049,yes,yes,unknown,28,may,154,2,-1,0,unknown,0
655,36,management,married,secondary,no,703,no,no,cellular,8,apr,89,2,-1,0,unknown,0
656,48,management,married,tertiary,no,867,yes,no,unknown,29,may,59,3,-1,0,unknown,0
657,43,blue-collar,married,primary,no,767,yes,no,unknown,15,may,201,1,-1,0,unknown,0
658,54,management,divorced,tertiary,no,1179,yes,no,cellular,16,apr,642,1,-1,0,unknown,0
659,60,housemaid,married,primary,no,1265,no,no,cellular,13,aug,101,2,-1,0,unknown,0
660,33,technician,single,tertiary,no,80,no,no,cellular,25,aug,129,4,-1,0,unknown,0
661,50,admin.,married,secondary,no,9,yes,yes,cellular,17,apr,71,1,-1,0,unknown,0
662,33,management,married,tertiary,no,439,no,no,cellular,19,aug,113,4,-1,0,unknown,0
663,58,technician,married,secondary,no,1227,no,no,cellular,22,aug,880,1,371,1,success,1
664,55,blue-collar,married,primary,no,796,no,yes,cellular,17,nov,166,1,-1,0,unknown,0
665,29,student,single,tertiary,no,486,yes,no,cellular,22,may,87,1,-1,0,unknown,0
666,31,blue-collar,married,unknown,no,-1,no,no,unknown,5,may,5,1,-1,0,unknown,0
667,34,technician,single,secondary,no,0,no,no,cellular,22,aug,101,4,-1,0,unknown,0
668,27,technician,single,secondary,no,658,yes,no,unknown,8,may,670,1,-1,0,unknown,1
669,50,management,married,tertiary,no,-1224,yes,no,cellular,18,nov,113,3,-1,0,unknown,0
670,49,technician,married,secondary,no,-76,yes,no,cellular,6,may,192,1,-1,0,unknown,0
671,38,management,single,tertiary,no,9,no,no,cellular,8,aug,111,2,-1,0,unknown,0
672,32,technician,single,secondary,no,3382,no,no,cellular,13,aug,739,2,-1,0,unknown,1
673,25,services,single,secondary,no,-194,no,no,cellular,7,jul,156,2,-1,0,unknown,0
674,49,management,married,tertiary,no,0,no,no,cellular,18,nov,85,2,-1,0,unknown,0
675,43,technician,married,secondary,no,-868,no,no,cellular,5,aug,163,1,-1,0,unknown,0
676,22,student,single,unknown,no,1215,no,no,cellular,5,feb,157,5,-1,0,unknown,0
677,54,management,married,tertiary,no,962,yes,no,cellular,22,aug,676,3,190,3,success,0
678,44,admin.,married,secondary,no,788,yes,no,cellular,17,apr,397,1,-1,0,unknown,0
679,44,management,married,tertiary,no,1379,no,no,cellular,12,aug,112,2,-1,0,unknown,0
680,39,technician,married,secondary,no,2722,yes,no,cellular,1,aug,123,2,99,2,failure,0
681,36,management,divorced,tertiary,no,567,no,no,cellular,2,feb,141,1,265,3,other,0
682,42,services,married,secondary,no,8180,yes,no,cellular,17,apr,99,2,151,11,other,0
683,25,services,married,secondary,no,-352,yes,no,cellular,15,jul,246,1,-1,0,unknown,0
684,46,entrepreneur,divorced,secondary,no,643,no,no,cellular,31,jul,467,5,-1,0,unknown,0
685,45,services,married,secondary,no,523,yes,no,unknown,15,may,867,3,-1,0,unknown,0
686,41,admin.,married,secondary,no,18,yes,no,cellular,6,may,113,2,363,2,failure,0
687,38,entrepreneur,divorced,secondary,no,1190,yes,no,cellular,1,jun,606,1,85,1,success,1
688,30,blue-collar,married,primary,no,-518,yes,yes,cellular,31,jul,26,25,-1,0,unknown,0
689,52,unemployed,married,secondary,no,4959,no,no,cellular,18,nov,1141,2,-1,0,unknown,0
690,44,admin.,married,secondary,no,1078,yes,no,cellular,17,jul,101,4,-1,0,unknown,0
691,43,self-employed,married,tertiary,no,8,no,no,cellular,27,aug,72,4,-1,0,unknown,0
692,58,management,divorced,tertiary,no,3287,no,no,cellular,5,mar,136,1,-1,0,unknown,1
693,39,management,divorced,tertiary,no,1047,yes,no,cellular,17,nov,96,1,-1,0,unknown,0
694,37,services,married,secondary,no,456,yes,yes,unknown,26,may,127,1,-1,0,unknown,0
695,53,admin.,single,secondary,no,507,no,no,unknown,5,jun,528,3,-1,0,unknown,0
696,34,management,married,tertiary,no,554,yes,yes,unknown,29,may,523,3,-1,0,unknown,0
697,31,blue-collar,married,secondary,no,488,yes,no,unknown,21,may,198,1,-1,0,unknown,0
698,33,blue-collar,divorced,secondary,no,668,yes,no,unknown,29,may,511,3,-1,0,unknown,0
699,39,blue-collar,single,secondary,no,769,yes,no,unknown,13,may,98,1,-1,0,unknown,0
700,54,management,divorced,tertiary,no,1849,yes,no,cellular,20,apr,50,1,-1,0,unknown,0
701,45,management,single,tertiary,no,801,no,yes,cellular,28,jul,637,4,-1,0,unknown,0
702,35,blue-collar,married,primary,no,8,yes,no,unknown,6,may,190,1,-1,0,unknown,0
703,43,technician,married,tertiary,no,2289,yes,no,cellular,13,may,81,1,-1,0,unknown,0
704,33,student,single,tertiary,no,691,no,no,cellular,30,apr,81,1,86,2,failure,0
705,60,management,married,tertiary,no,437,no,no,cellular,13,aug,714,1,-1,0,unknown,0
706,22,admin.,single,secondary,no,1116,no,yes,cellular,18,oct,523,2,95,4,other,1
707,47,management,married,tertiary,no,-813,yes,yes,unknown,27,may,169,1,-1,0,unknown,0
708,33,blue-collar,single,secondary,no,597,yes,no,cellular,21,nov,121,1,-1,0,unknown,0
709,44,management,married,tertiary,no,561,yes,no,cellular,18,may,9,4,-1,0,unknown,0
710,44,technician,married,secondary,no,1118,no,no,telephone,29,jul,82,6,-1,0,unknown,0
711,42,technician,single,secondary,no,136,yes,no,unknown,5,may,136,1,-1,0,unknown,0
712,34,admin.,married,secondary,no,3107,yes,no,unknown,2,jun,133,1,-1,0,unknown,0
713,48,management,single,tertiary,no,2351,no,no,unknown,17,jun,14,4,-1,0,unknown,0
714,60,housemaid,divorced,primary,no,0,yes,no,cellular,5,may,87,3,-1,0,unknown,0
715,54,blue-collar,married,secondary,no,3528,no,yes,unknown,6,jun,495,1,-1,0,unknown,0
716,36,management,single,tertiary,no,15459,no,no,cellular,3,feb,860,2,-1,0,unknown,1
717,27,blue-collar,single,secondary,no,3310,yes,no,cellular,3,feb,154,2,-1,0,unknown,0
718,30,technician,married,secondary,no,0,no,no,cellular,19,aug,71,3,-1,0,unknown,0
719,32,blue-collar,married,secondary,no,3198,yes,no,unknown,29,may,523,2,-1,0,unknown,0
720,50,blue-collar,divorced,primary,no,0,yes,no,unknown,29,may,181,2,-1,0,unknown,0
721,33,technician,single,secondary,no,569,no,no,cellular,7,aug,651,2,-1,0,unknown,1
722,36,blue-collar,married,secondary,no,325,yes,no,cellular,17,apr,918,1,-1,0,unknown,0
723,30,technician,single,secondary,no,391,yes,no,cellular,18,may,125,1,-1,0,unknown,0
724,28,technician,married,secondary,no,461,yes,no,cellular,23,jul,87,5,-1,0,unknown,0
725,53,self-employed,married,secondary,no,5443,no,no,cellular,30,jul,264,2,-1,0,unknown,0
726,26,blue-collar,single,primary,no,744,yes,no,cellular,13,may,155,1,365,3,other,0
727,43,services,married,secondary,no,886,yes,yes,cellular,21,nov,76,1,-1,0,unknown,0
728,55,housemaid,divorced,secondary,no,723,no,no,unknown,9,jun,105,1,-1,0,unknown,0
729,47,technician,married,secondary,no,4,no,no,cellular,13,aug,121,2,-1,0,unknown,0
730,54,retired,married,unknown,no,884,yes,no,unknown,19,may,491,1,-1,0,unknown,0
731,44,services,married,secondary,no,921,no,no,unknown,12,jun,597,1,-1,0,unknown,0
732,25,technician,single,tertiary,no,7,yes,no,unknown,28,may,144,2,-1,0,unknown,0
733,63,retired,married,primary,no,0,no,no,telephone,2,feb,296,3,-1,0,unknown,1
734,30,admin.,married,tertiary,no,507,no,no,cellular,3,feb,124,2,-1,0,unknown,0
735,37,services,married,secondary,no,0,yes,no,cellular,21,jul,184,2,-1,0,unknown,0
736,57,retired,married,tertiary,no,0,no,no,cellular,19,aug,123,2,-1,0,unknown,0
737,49,technician,married,secondary,no,2061,yes,yes,cellular,24,jul,454,1,-1,0,unknown,0
738,29,blue-collar,married,secondary,no,-97,yes,yes,unknown,8,may,143,1,-1,0,unknown,0
739,34,admin.,married,secondary,no,0,yes,no,unknown,23,may,82,3,-1,0,unknown,0
740,24,student,single,secondary,no,5,no,no,cellular,17,aug,96,2,91,5,other,0
741,39,services,married,secondary,no,190,no,no,unknown,1,jun,9,1,-1,0,unknown,0
742,58,management,divorced,tertiary,no,1404,no,no,unknown,17,jun,48,1,-1,0,unknown,0
743,27,blue-collar,married,secondary,no,-848,yes,yes,unknown,6,jun,130,2,-1,0,unknown,0
744,42,blue-collar,married,unknown,no,1355,no,no,unknown,20,jun,7,1,-1,0,unknown,0
745,41,blue-collar,married,secondary,no,223,yes,no,cellular,14,may,6,2,-1,0,unknown,0
746,41,management,married,tertiary,no,-547,yes,yes,cellular,14,may,50,1,-1,0,unknown,0
747,51,services,married,secondary,no,-723,no,yes,cellular,11,may,198,2,347,1,failure,0
748,48,admin.,married,secondary,no,2319,yes,no,unknown,19,may,251,5,-1,0,unknown,0
749,54,blue-collar,married,secondary,no,3443,no,no,telephone,31,jul,10,3,-1,0,unknown,0
750,28,management,married,tertiary,yes,-985,yes,no,cellular,24,jul,28,4,-1,0,unknown,0
751,58,blue-collar,married,primary,no,35,no,no,unknown,17,jun,42,1,-1,0,unknown,0
752,37,admin.,married,secondary,no,865,yes,no,cellular,18,jul,168,2,-1,0,unknown,0
753,26,blue-collar,married,secondary,no,2,no,no,telephone,30,jul,105,2,-1,0,unknown,0
754,41,unemployed,married,secondary,no,1406,no,yes,cellular,8,jul,111,3,-1,0,unknown,0
755,39,housemaid,single,primary,no,3,yes,no,cellular,17,nov,11,1,131,1,other,0
756,42,management,married,tertiary,no,9367,yes,no,cellular,20,nov,788,4,-1,0,unknown,0
757,33,technician,single,tertiary,no,814,no,no,cellular,28,aug,70,8,-1,0,unknown,0
758,52,blue-collar,married,secondary,no,-178,yes,no,unknown,6,may,178,2,-1,0,unknown,0
759,30,unemployed,single,secondary,no,1222,yes,yes,unknown,26,may,158,1,-1,0,unknown,0
760,32,admin.,single,secondary,no,2812,yes,no,cellular,21,nov,633,2,184,1,failure,0
761,41,services,married,secondary,no,1599,no,no,cellular,12,aug,157,6,-1,0,unknown,0
762,51,blue-collar,married,primary,no,49,yes,no,cellular,11,may,471,2,-1,0,unknown,0
763,33,management,single,tertiary,no,0,yes,no,cellular,22,jul,48,1,-1,0,unknown,0
764,50,services,married,secondary,no,1336,no,no,cellular,7,aug,106,2,-1,0,unknown,0
765,33,technician,single,secondary,no,908,yes,no,unknown,21,may,27,1,-1,0,unknown,0
766,48,management,married,tertiary,no,4,yes,no,cellular,17,nov,104,1,-1,0,unknown,0
767,50,technician,married,secondary,no,782,no,yes,cellular,17,nov,442,1,-1,0,unknown,0
768,53,management,married,tertiary,no,1356,yes,no,telephone,25,jul,595,1,-1,0,unknown,0
769,43,management,married,tertiary,no,732,no,no,cellular,6,aug,896,2,-1,0,unknown,1
770,50,technician,married,secondary,no,0,no,no,unknown,6,jun,91,1,-1,0,unknown,0
771,41,blue-collar,married,primary,no,806,yes,no,unknown,5,may,551,1,-1,0,unknown,1
772,33,management,married,tertiary,no,0,no,no,cellular,28,aug,103,5,-1,0,unknown,0
773,46,self-employed,married,secondary,no,1124,yes,no,unknown,19,may,83,1,-1,0,unknown,0
774,53,admin.,married,secondary,no,11,no,no,cellular,5,aug,98,1,-1,0,unknown,0
775,34,admin.,single,secondary,no,2144,yes,no,unknown,23,may,513,2,-1,0,unknown,0
776,30,technician,single,secondary,no,514,yes,no,cellular,13,apr,1097,2,-1,0,unknown,1
777,44,technician,married,tertiary,no,2979,yes,no,unknown,15,may,150,1,-1,0,unknown,0
778,59,admin.,married,secondary,no,4713,no,no,cellular,11,aug,65,2,-1,0,unknown,0
779,54,management,married,tertiary,no,0,no,no,cellular,12,aug,92,2,-1,0,unknown,0
780,40,technician,married,secondary,no,6259,no,no,cellular,4,aug,725,2,-1,0,unknown,0
781,67,management,married,tertiary,no,2820,no,no,cellular,2,dec,139,1,-1,0,unknown,0
782,41,admin.,married,secondary,no,16,yes,yes,cellular,20,apr,15,7,-1,0,unknown,0
783,36,blue-collar,married,secondary,no,0,no,no,unknown,12,jun,74,1,-1,0,unknown,0
784,45,services,married,secondary,no,-839,yes,no,unknown,30,may,68,3,-1,0,unknown,0
785,40,services,married,secondary,no,-626,yes,yes,cellular,23,jul,81,5,-1,0,unknown,0
786,64,retired,married,secondary,no,678,no,no,cellular,20,oct,446,1,-1,0,unknown,0
787,46,admin.,single,secondary,no,1693,yes,no,cellular,2,jun,427,1,-1,0,unknown,1
788,48,management,married,tertiary,no,1717,no,no,cellular,17,nov,404,1,-1,0,unknown,0
789,31,blue-collar,married,secondary,yes,879,no,yes,cellular,29,jan,829,2,-1,0,unknown,1
790,52,admin.,married,secondary,no,454,yes,no,cellular,24,jul,88,1,-1,0,unknown,0
791,56,retired,divorced,secondary,no,935,yes,yes,cellular,11,aug,88,2,-1,0,unknown,0
792,23,management,single,tertiary,no,39385,no,no,cellular,3,jun,124,1,-1,0,unknown,0
793,34,management,single,tertiary,no,553,no,no,cellular,18,aug,109,7,-1,0,unknown,0
794,55,admin.,married,secondary,no,7,no,no,cellular,20,aug,80,2,-1,0,unknown,0
795,33,blue-collar,married,secondary,no,672,yes,no,cellular,20,apr,6,2,-1,0,unknown,0
796,32,services,single,secondary,no,-116,yes,no,unknown,26,may,176,1,-1,0,unknown,0
797,28,management,single,tertiary,no,0,yes,no,unknown,13,may,129,3,-1,0,unknown,0
798,44,technician,single,secondary,no,1119,no,no,cellular,31,jul,8,2,-1,0,unknown,0
799,36,blue-collar,married,secondary,no,2443,yes,no,cellular,16,apr,477,1,-1,0,unknown,0
800,50,blue-collar,married,secondary,no,5,yes,no,cellular,17,apr,101,2,344,2,failure,0
801,34,management,married,tertiary,no,1313,no,no,cellular,4,aug,142,1,-1,0,unknown,0
802,32,management,married,tertiary,no,0,yes,no,cellular,14,jul,71,3,-1,0,unknown,0
803,58,retired,married,tertiary,no,663,no,yes,unknown,18,jun,145,2,-1,0,unknown,0
804,27,management,single,tertiary,no,538,no,no,cellular,9,feb,86,5,-1,0,unknown,0
805,47,management,married,tertiary,no,-1713,yes,yes,cellular,28,jul,112,3,-1,0,unknown,0
806,41,services,married,secondary,no,790,yes,no,unknown,29,may,109,1,-1,0,unknown,0
807,39,technician,divorced,tertiary,no,-812,yes,no,cellular,21,aug,105,4,-1,0,unknown,0
808,49,services,married,primary,no,1830,yes,no,cellular,15,oct,179,1,-1,0,unknown,1
809,31,admin.,divorced,secondary,no,0,yes,no,cellular,17,jul,130,1,-1,0,unknown,0
810,30,management,married,tertiary,no,1595,yes,no,unknown,28,may,298,2,-1,0,unknown,0
811,38,technician,single,secondary,no,976,yes,no,cellular,23,jul,466,3,-1,0,unknown,0
812,57,technician,married,secondary,no,439,no,no,unknown,18,jun,92,2,-1,0,unknown,0
813,34,admin.,divorced,primary,no,3105,yes,yes,cellular,14,may,652,1,175,2,other,1
814,44,blue-collar,married,primary,no,2557,yes,no,cellular,7,aug,211,1,459,2,success,1
815,54,technician,married,secondary,no,496,yes,no,unknown,27,may,5,1,-1,0,unknown,0
816,36,entrepreneur,married,tertiary,no,678,yes,no,cellular,15,jul,112,4,-1,0,unknown,0
817,47,blue-collar,married,primary,no,859,no,yes,cellular,4,aug,829,1,-1,0,unknown,0
818,32,management,married,tertiary,no,6432,no,no,cellular,4,may,166,1,88,2,failure,0
819,42,technician,married,secondary,no,926,no,yes,cellular,25,aug,103,7,-1,0,unknown,0
820,52,management,married,tertiary,no,0,no,no,cellular,17,nov,81,1,-1,0,unknown,0
821,49,blue-collar,married,secondary,no,982,no,no,cellular,25,aug,58,11,-1,0,unknown,0
822,26,technician,single,tertiary,no,-30,no,no,cellular,29,jan,123,1,247,1,failure,0
823,57,retired,married,secondary,no,0,no,no,cellular,26,aug,121,2,-1,0,unknown,0
824,30,blue-collar,married,secondary,no,898,yes,no,unknown,21,may,569,3,-1,0,unknown,0
825,35,admin.,married,secondary,no,-1132,yes,yes,unknown,3,jun,397,1,-1,0,unknown,0
826,83,retired,divorced,tertiary,no,0,no,no,cellular,1,jun,80,1,92,5,failure,0
827,32,blue-collar,married,secondary,no,671,yes,yes,cellular,17,apr,522,1,-1,0,unknown,0
828,28,student,single,secondary,no,0,no,no,telephone,3,feb,76,5,-1,0,unknown,0
829,36,admin.,married,secondary,no,2297,yes,no,cellular,31,jul,88,3,-1,0,unknown,0
830,26,student,single,secondary,no,603,no,yes,cellular,28,jan,210,4,-1,0,unknown,0
831,43,admin.,single,tertiary,no,714,no,no,cellular,28,aug,58,10,-1,0,unknown,0
832,47,unknown,married,secondary,no,46,no,no,cellular,7,aug,133,2,-1,0,unknown,0
833,42,technician,married,secondary,no,876,yes,no,telephone,17,nov,23,1,-1,0,unknown,0
834,55,services,married,secondary,no,2429,yes,yes,unknown,14,may,771,2,-1,0,unknown,0
835,43,self-employed,divorced,tertiary,no,49,no,no,cellular,26,aug,160,6,-1,0,unknown,0
836,39,technician,married,secondary,no,1434,yes,no,cellular,14,may,178,4,352,2,failure,0
837,58,unemployed,divorced,tertiary,no,2081,no,no,cellular,17,nov,163,1,183,2,failure,0
838,32,blue-collar,married,primary,no,17672,yes,no,unknown,4,jun,548,2,-1,0,unknown,0
839,41,admin.,divorced,secondary,yes,-571,no,yes,unknown,6,jun,82,1,-1,0,unknown,0
840,40,blue-collar,married,secondary,no,1222,yes,no,unknown,13,may,239,1,-1,0,unknown,0
841,43,technician,married,tertiary,no,0,no,no,cellular,4,aug,101,1,-1,0,unknown,0
842,27,technician,single,secondary,no,-5,yes,yes,cellular,7,may,5,2,360,1,other,0
843,26,blue-collar,married,secondary,no,981,yes,no,unknown,21,may,504,3,-1,0,unknown,0
844,37,blue-collar,single,secondary,no,4760,yes,no,cellular,13,may,125,1,173,1,failure,0
845,29,services,single,secondary,yes,-20,yes,no,unknown,30,may,693,3,-1,0,unknown,1
846,28,unemployed,single,secondary,no,-213,no,yes,cellular,4,jul,143,2,-1,0,unknown,0
847,51,technician,divorced,secondary,no,0,yes,no,cellular,31,jul,16,19,-1,0,unknown,0
848,36,technician,divorced,tertiary,no,4515,yes,no,unknown,15,may,676,2,-1,0,unknown,0
849,54,unemployed,married,tertiary,no,1724,no,no,cellular,9,feb,105,4,-1,0,unknown,0
850,43,management,married,tertiary,no,1210,no,no,cellular,18,nov,835,2,-1,0,unknown,0
851,26,student,single,secondary,no,846,yes,no,cellular,8,apr,849,2,-1,0,unknown,1
852,37,blue-collar,married,primary,no,1143,no,no,unknown,9,jun,108,1,-1,0,unknown,0
853,32,housemaid,married,tertiary,no,2017,no,no,cellular,28,aug,64,10,-1,0,unknown,0
854,36,admin.,married,secondary,no,714,no,no,cellular,2,feb,221,2,-1,0,unknown,0
855,56,management,married,tertiary,no,589,yes,no,cellular,4,aug,105,1,96,2,failure,0
856,39,blue-collar,married,secondary,no,-406,yes,yes,telephone,25,jul,80,2,-1,0,unknown,0
857,29,services,single,primary,no,315,yes,no,cellular,29,jan,545,3,259,2,failure,0
858,47,technician,married,secondary,no,559,no,no,cellular,20,aug,80,2,-1,0,unknown,0
859,35,blue-collar,married,primary,no,-1,yes,no,unknown,20,jun,50,3,-1,0,unknown,0
860,58,services,married,primary,yes,-158,yes,yes,unknown,29,may,154,2,-1,0,unknown,0
861,30,services,married,unknown,no,1399,no,no,cellular,29,jan,436,2,-1,0,unknown,0
862,37,services,married,secondary,no,1836,no,yes,unknown,17,jun,107,1,-1,0,unknown,0
863,47,management,married,tertiary,no,2261,yes,no,cellular,31,jul,101,3,-1,0,unknown,0
864,55,management,married,tertiary,no,1320,no,no,cellular,30,apr,522,2,-1,0,unknown,0
865,33,technician,single,secondary,no,14,no,no,cellular,14,aug,181,2,-1,0,unknown,0
866,32,technician,single,secondary,no,0,no,no,cellular,20,aug,104,4,-1,0,unknown,0
867,30,technician,single,secondary,no,130,no,no,cellular,26,aug,75,6,-1,0,unknown,0
868,32,management,married,tertiary,no,877,yes,no,cellular,17,apr,101,2,-1,0,unknown,0
869,55,blue-collar,married,primary,yes,-1,yes,no,unknown,15,may,100,5,-1,0,unknown,0
870,32,technician,married,secondary,no,0,yes,no,cellular,17,apr,101,1,-1,0,unknown,0
871,41,management,married,tertiary,no,-33,no,no,unknown,6,may,88,2,-1,0,unknown,0
872,44,unemployed,married,secondary,no,2289,yes,no,unknown,29,may,523,1,-1,0,unknown,0
873,47,management,divorced,tertiary,no,-3,no,no,cellular,29,aug,92,2,-1,0,unknown,0
874,28,self-employed,married,tertiary,no,527,yes,no,cellular,6,may,80,1,-1,0,unknown,0
875,47,blue-collar,married,primary,no,-61,no,no,cellular,28,jan,119,2,204,3,failure,0
876,25,admin.,married,secondary,no,756,yes,yes,unknown,4,jun,438,1,-1,0,unknown,0
877,54,technician,divorced,secondary,no,2597,no,no,cellular,17,nov,818,1,-1,0,unknown,0
878,67,retired,married,secondary,no,1388,no,no,cellular,26,feb,449,1,183,2,success,1
879,30,management,single,tertiary,no,1077,no,no,cellular,29,aug,125,2,-1,0,unknown,0
880,39,self-employed,married,tertiary,no,1272,yes,no,cellular,25,jul,214,1,-1,0,unknown,0
881,36,management,married,tertiary,no,3851,yes,no,cellular,15,jul,652,2,-1,0,unknown,0
882,35,management,married,tertiary,no,1616,no,no,cellular,25,aug,101,4,-1,0,unknown,0
883,34,services,married,secondary,no,-196,yes,no,cellular,13,may,92,3,-1,0,unknown,0
884,43,housemaid,divorced,secondary,no,1082,yes,no,cellular,17,nov,113,3,-1,0,unknown,0
885,37,blue-collar,married,primary,no,1063,yes,no,cellular,13,may,122,1,-1,0,unknown,0
886,34,services,single,secondary,no,-366,yes,no,cellular,19,nov,313,1,180,2,failure,0
887,41,technician,married,secondary,no,1033,yes,no,unknown,30,jun,431,1,-1,0,unknown,0
888,58,management,married,primary,no,819,yes,no,telephone,21,nov,57,3,-1,0,unknown,0
889,47,blue-collar,married,secondary,no,805,no,no,cellular,30,apr,574,1,-1,0,unknown,1
890,39,blue-collar,married,secondary,no,393,yes,no,cellular,13,may,104,1,-1,0,unknown,0
891,37,technician,married,secondary,no,1011,yes,no,unknown,9,jun,68,3,-1,0,unknown,0
892,31,technician,married,secondary,no,1868,yes,no,unknown,23,may,83,3,-1,0,unknown,0
893,29,services,single,secondary,no,41,yes,no,cellular,5,may,612,1,-1,0,unknown,1
894,32,entrepreneur,married,tertiary,no,-388,yes,no,cellular,20,nov,122,1,-1,0,unknown,0
895,40,services,married,primary,no,2939,yes,no,cellular,14,apr,642,1,-1,0,unknown,1
896,59,blue-collar,married,secondary,no,742,no,no,cellular,11,aug,514,2,-1,0,unknown,0
897,50,management,married,tertiary,no,0,no,no,unknown,16,jun,107,2,-1,0,unknown,0
898,47,blue-collar,married,secondary,no,11,yes,yes,cellular,13,may,121,2,370,1,failure,0
899,45,technician,married,tertiary,no,4082,no,no,cellular,12,may,661,4,-1,0,unknown,0
900,36,unemployed,married,secondary,no,1148,yes,no,cellular,18,aug,80,8,-1,0,unknown,0
901,44,management,married,tertiary,no,-6,yes,no,unknown,14,may,112,4,-1,0,unknown,0
902,36,blue-collar,single,primary,no,0,yes,no,cellular,14,may,1203,3,-1,0,unknown,1
903,46,blue-collar,married,primary,no,2490,no,no,telephone,30,jul,853,3,-1,0,unknown,1
904,52,technician,married,secondary,no,0,no,no,cellular,18,aug,124,4,-1,0,unknown,0
905,36,admin.,single,secondary,no,15341,yes,no,cellular,30,apr,185,3,-1,0,unknown,1
906,43,management,married,tertiary,no,0,no,no,cellular,20,aug,112,4,-1,0,unknown,0
907,35,blue-collar,married,secondary,no,-637,yes,no,cellular,11,may,217,1,-1,0,unknown,0
908,49,blue-collar,married,secondary,no,6,yes,no,unknown,12,may,151,6,-1,0,unknown,0
909,62,retired,married,secondary,no,569,no,no,cellular,17,feb,301,3,92,1,success,1
910,50,management,married,tertiary,no,3,no,no,cellular,4,may,484,1,87,2,failure,0
911,53,management,married,tertiary,no,2578,yes,no,cellular,20,nov,835,2,-1,0,unknown,0
912,35,blue-collar,single,secondary,no,362,no,no,cellular,30,apr,462,2,-1,0,unknown,1
913,56,self-employed,married,secondary,no,616,no,yes,cellular,9,jul,171,1,-1,0,unknown,0
914,47,technician,single,secondary,no,557,yes,yes,unknown,19,jun,58,1,-1,0,unknown,0
915,48,admin.,married,secondary,no,1836,yes,no,unknown,14,may,143,1,-1,0,unknown,0
916,50,entrepreneur,married,secondary,no,2383,no,no,cellular,28,jan,1176,2,-1,0,unknown,1
917,36,blue-collar,married,unknown,no,-532,yes,no,cellular,12,may,5,2,-1,0,unknown,0
918,51,admin.,married,secondary,no,1232,no,no,cellular,7,aug,97,2,-1,0,unknown,0
919,48,blue-collar,married,secondary,no,2195,yes,yes,cellular,20,nov,613,2,-1,0,unknown,0
920,30,services,single,secondary,no,1572,yes,no,cellular,5,may,98,1,-1,0,unknown,0
921,57,technician,married,secondary,no,782,yes,no,cellular,7,jul,94,1,-1,0,unknown,0
922,25,student,single,tertiary,no,1410,no,no,cellular,6,may,159,2,-1,0,unknown,0
923,39,admin.,married,secondary,no,3165,yes,no,unknown,23,may,160,2,-1,0,unknown,0
924,33,services,single,secondary,no,-93,yes,no,unknown,26,may,263,2,-1,0,unknown,0
925,53,technician,married,secondary,no,-288,no,yes,unknown,20,jun,85,1,-1,0,unknown,0
926,35,blue-collar,single,secondary,no,985,yes,yes,unknown,21,may,265,1,-1,0,unknown,0
927,43,blue-collar,married,primary,no,466,yes,no,unknown,20,jun,397,2,-1,0,unknown,0
928,70,retired,married,primary,no,3324,no,no,cellular,17,nov,65,1,104,2,failure,0
929,43,blue-collar,divorced,secondary,no,688,yes,no,cellular,14,may,170,1,-1,0,unknown,0
930,36,self-employed,married,secondary,no,-497,yes,no,unknown,26,may,168,2,-1,0,unknown,0
931,35,admin.,married,secondary,no,6072,no,no,cellular,31,jul,1018,1,-1,0,unknown,0
932,39,technician,divorced,secondary,no,0,yes,no,cellular,11,aug,88,4,-1,0,unknown,0
933,42,services,married,secondary,no,1364,yes,no,cellular,14,may,149,2,-1,0,unknown,0
934,32,blue-collar,single,primary,no,130,yes,no,cellular,14,apr,1363,2,334,4,failure,1
935,37,unemployed,married,secondary,no,5,yes,no,cellular,13,may,99,2,-1,0,unknown,0
936,34,blue-collar,married,secondary,no,2076,yes,yes,unknown,27,may,182,7,-1,0,unknown,0
937,24,student,single,secondary,no,2378,no,no,cellular,14,apr,578,1,-1,0,unknown,1
938,39,admin.,divorced,secondary,no,-349,yes,no,unknown,5,may,191,1,-1,0,unknown,0
939,57,retired,married,primary,no,0,no,no,unknown,17,jun,129,1,-1,0,unknown,0
940,33,unemployed,single,secondary,no,-12,yes,no,unknown,8,may,81,1,-1,0,unknown,0
941,47,blue-collar,married,secondary,no,484,no,no,cellular,23,jun,180,2,92,6,success,0
942,43,services,married,primary,no,596,yes,no,telephone,25,jul,90,4,-1,0,unknown,0
943,50,unknown,married,unknown,no,689,no,no,cellular,2,nov,120,2,94,1,failure,0
944,40,blue-collar,married,primary,no,4,yes,no,unknown,8,may,129,3,-1,0,unknown,0
945,56,blue-collar,married,primary,no,831,yes,no,unknown,19,may,541,3,-1,0,unknown,0
946,44,blue-collar,married,secondary,no,3049,yes,no,cellular,14,may,148,3,-1,0,unknown,0
947,35,management,married,tertiary,no,536,yes,no,cellular,30,apr,431,1,-1,0,unknown,0
948,35,management,single,tertiary,no,3751,yes,no,cellular,17,apr,75,2,-1,0,unknown,0
949,35,management,married,tertiary,no,534,no,no,cellular,18,aug,75,4,-1,0,unknown,0
950,33,management,married,tertiary,no,0,no,no,unknown,7,may,144,1,-1,0,unknown,0
951,28,blue-collar,single,secondary,no,2285,no,no,unknown,21,may,323,1,-1,0,unknown,0
952,48,self-employed,married,tertiary,no,1852,no,no,cellular,30,oct,207,1,-1,0,unknown,1
953,32,blue-collar,married,primary,yes,-942,yes,no,cellular,13,may,111,3,-1,0,unknown,0
954,26,student,single,secondary,no,5296,no,no,unknown,12,jun,64,1,-1,0,unknown,0
955,38,management,married,tertiary,no,0,yes,no,cellular,25,jul,102,5,-1,0,unknown,0
956,31,student,single,secondary,no,2,no,no,unknown,7,sep,261,1,-1,0,unknown,1
957,33,blue-collar,married,secondary,no,1301,yes,no,cellular,21,nov,122,1,-1,0,unknown,0
958,57,blue-collar,married,primary,no,1461,no,no,cellular,25,aug,123,4,-1,0,unknown,0
959,41,management,married,tertiary,no,0,yes,yes,cellular,17,nov,57,1,186,1,failure,0
960,34,management,single,secondary,no,5,no,no,cellular,26,aug,98,4,-1,0,unknown,0
961,30,management,married,tertiary,no,1172,no,no,cellular,21,aug,129,6,-1,0,unknown,0
962,38,technician,married,tertiary,no,0,no,no,cellular,21,aug,92,2,-1,0,unknown,0
963,45,blue-collar,married,secondary,no,1255,no,no,cellular,14,jul,445,4,-1,0,unknown,0
964,34,blue-collar,married,secondary,no,-10,yes,no,unknown,9,may,382,2,-1,0,unknown,0
965,51,services,married,secondary,no,983,yes,no,cellular,22,jul,55,4,-1,0,unknown,0
966,27,services,single,secondary,no,3,yes,no,cellular,18,may,309,2,-1,0,unknown,0
967,44,management,married,tertiary,no,1209,no,no,cellular,22,aug,98,4,-1,0,unknown,0
968,33,entrepreneur,married,secondary,no,1134,yes,no,cellular,18,nov,102,1,183,1,failure,0
969,49,admin.,single,secondary,no,973,no,yes,unknown,20,jun,7,9,-1,0,unknown,0
970,47,housemaid,married,secondary,no,1074,no,no,unknown,9,jun,71,4,-1,0,unknown,0
971,45,blue-collar,married,secondary,no,-160,yes,yes,unknown,19,may,117,1,-1,0,unknown,0
972,42,blue-collar,married,secondary,no,1387,yes,yes,unknown,7,may,109,1,-1,0,unknown,0
973,43,management,married,tertiary,no,877,no,no,cellular,22,aug,103,7,-1,0,unknown,0
974,25,services,single,secondary,no,20,no,no,cellular,7,jul,106,1,-1,0,unknown,0
975,49,management,married,tertiary,no,7195,no,no,cellular,21,nov,6,7,-1,0,unknown,0
976,31,unemployed,single,primary,no,-168,no,yes,unknown,2,jul,120,2,-1,0,unknown,0
977,29,services,single,secondary,no,-212,yes,no,cellular,14,may,239,1,352,1,failure,0
978,35,management,married,tertiary,no,5,no,no,cellular,26,aug,95,4,-1,0,unknown,0
979,32,technician,married,secondary,no,-15,no,no,cellular,20,nov,716,1,135,3,failure,0
980,53,admin.,divorced,secondary,no,-160,no,yes,cellular,14,jul,131,3,-1,0,unknown,0
981,33,blue-collar,single,secondary,no,2079,yes,no,cellular,17,may,559,2,-1,0,unknown,0
982,30,management,single,tertiary,no,13014,no,no,cellular,19,nov,654,1,-1,0,unknown,1
983,57,management,divorced,tertiary,no,0,yes,no,cellular,11,jul,74,2,-1,0,unknown,0
984,45,services,married,secondary,no,39,no,no,unknown,16,jun,160,4,-1,0,unknown,0
985,36,management,married,tertiary,no,0,yes,no,cellular,12,may,162,2,-1,0,unknown,0
986,56,services,divorced,secondary,no,-10,yes,yes,unknown,5,jun,139,1,-1,0,unknown,0
987,39,blue-collar,married,secondary,no,1259,yes,no,unknown,29,may,160,2,-1,0,unknown,0
988,60,blue-collar,married,unknown,no,-51,no,no,unknown,16,may,156,17,-1,0,unknown,0
989,43,technician,divorced,secondary,no,0,no,no,cellular,22,aug,120,4,-1,0,unknown,0
990,52,management,married,tertiary,no,1602,no,no,cellular,5,aug,903,2,-1,0,unknown,1
991,25,technician,single,secondary,no,-92,yes,no,unknown,3,jun,1721,2,-1,0,unknown,0
992,39,admin.,divorced,tertiary,no,79,no,no,cellular,18,jul,528,1,-1,0,unknown,1
993,26,student,single,unknown,no,532,no,no,cellular,23,feb,511,1,-1,0,unknown,1
994,27,technician,single,secondary,no,836,yes,no,cellular,27,may,763,2,-1,0,unknown,1
995,40,unemployed,married,secondary,no,661,no,no,cellular,5,feb,103,1,-1,0,unknown,0
996,34,management,married,tertiary,no,0,no,no,cellular,22,aug,81,4,-1,0,unknown,0
997,33,management,married,tertiary,no,0,yes,no,cellular,6,aug,128,2,-1,0,unknown,0
998,38,blue-collar,married,secondary,no,826,yes,no,cellular,12,may,22,5,-1,0,unknown,0
999,51,management,married,tertiary,no,553,yes,no,cellular,30,jan,125,1,-1,0,unknown,0
1000,24,admin.,single,secondary,no,1179,no,no,cellular,28,aug,82,1,-1,0,unknown,0
1001,55,management,married,tertiary,no,-547,yes,yes,unknown,29,may,101,1,-1,0,unknown,0
1002,57,housemaid,married,primary,no,764,yes,no,cellular,14,aug,88,2,-1,0,unknown,0
1003,42,technician,divorced,secondary,no,482,no,no,cellular,5,feb,81,1,-1,0,unknown,0
1004,28,management,married,tertiary,no,1832,yes,yes,cellular,5,feb,7,6,252,9,other,0
1005,30,technician,single,tertiary,no,5474,no,no,cellular,7,aug,1532,4,-1,0,unknown,1
1006,30,management,married,tertiary,no,2399,yes,no,cellular,22,aug,103,1,95,4,other,0
1007,34,services,married,secondary,no,0,no,no,cellular,10,jul,121,1,-1,0,unknown,0
1008,50,blue-collar,married,primary,no,2999,yes,no,telephone,21,nov,638,2,-1,0,unknown,0
1009,44,services,married,secondary,no,1099,yes,no,cellular,6,may,109,1,362,2,failure,0
1010,48,unemployed,divorced,secondary,no,1354,no,yes,telephone,10,sep,127,1,-1,0,unknown,0
1011,34,blue-collar,married,secondary,no,565,yes,no,unknown,30,may,954,3,-1,0,unknown,1
1012,34,technician,single,secondary,no,401,yes,no,cellular,19,aug,101,2,-1,0,unknown,0
1013,40,management,married,tertiary,no,561,no,no,cellular,7,jul,218,1,-1,0,unknown,1
1014,49,housemaid,married,primary,no,-100,yes,no,telephone,30,jul,118,3,-1,0,unknown,0
1015,24,student,single,secondary,no,0,no,no,cellular,15,may,73,2,-1,0,unknown,0
1016,32,technician,married,tertiary,no,2976,yes,no,unknown,3,jun,174,1,-1,0,unknown,0
1017,80,retired,married,primary,no,1468,no,no,cellular,18,aug,331,1,-1,0,unknown,0
1018,58,retired,married,primary,no,4736,yes,no,cellular,17,nov,138,5,-1,0,unknown,0
1019,32,student,single,secondary,no,459,no,no,cellular,7,aug,729,5,-1,0,unknown,1
1020,48,housemaid,married,secondary,no,332,no,no,cellular,9,jul,81,2,-1,0,unknown,0
1021,31,management,single,tertiary,no,948,yes,no,cellular,20,apr,104,2,-1,0,unknown,0
1022,46,blue-collar,married,secondary,no,0,yes,no,cellular,9,apr,129,3,-1,0,unknown,0
1023,40,technician,married,secondary,no,0,yes,no,cellular,21,jul,128,2,-1,0,unknown,0
1024,31,admin.,single,secondary,no,23,yes,no,cellular,20,nov,105,1,-1,0,unknown,0
1025,28,blue-collar,single,secondary,no,466,yes,no,cellular,24,jul,105,1,-1,0,unknown,0
1026,53,blue-collar,married,primary,no,1210,yes,no,cellular,6,apr,716,1,-1,0,unknown,0
1027,55,entrepreneur,married,tertiary,no,0,yes,no,cellular,17,nov,129,1,-1,0,unknown,0
1028,70,retired,married,primary,no,3858,no,no,cellular,7,oct,64,1,-1,0,unknown,0
1029,34,management,married,tertiary,no,804,no,no,cellular,26,aug,133,3,-1,0,unknown,0
1030,45,blue-collar,divorced,primary,no,830,no,no,cellular,29,jul,604,2,-1,0,unknown,0
1031,36,blue-collar,married,secondary,no,1482,no,yes,unknown,20,jun,177,10,-1,0,unknown,0
1032,53,admin.,married,secondary,no,2881,no,yes,cellular,5,may,510,2,40,5,success,0
1033,54,housemaid,married,secondary,no,506,yes,no,unknown,11,jun,139,3,-1,0,unknown,0
